{
"type": "FeatureCollection",
"name": "Luangwa_Park",
"crs": { "type": "name", "properties": { "name": "urn:ogc:def:crs:OGC:1.3:CRS84" } },
"features": [
{ "type": "Feature", "properties": { "NAME": "South Luangwa", "globalid": 1 }, "geometry": { "type": "Polygon", "coordinates": [ [ [ 31.8717373, -12.3861878 ], [ 31.8109125, -12.3269791 ], [ 31.8029079, -12.3260209 ], [ 31.7950179, -12.3254066 ], [ 31.7905711, -12.3257835 ], [ 31.7586857, -12.3280146 ], [ 31.7543532, -12.3287349 ], [ 31.7497919, -12.3287671 ], [ 31.7425237, -12.3311307 ], [ 31.7274178, -12.3337366 ], [ 31.7230852, -12.3344564 ], [ 31.7186382, -12.3348321 ], [ 31.7118421, -12.336568 ], [ 31.7077934, -12.3384337 ], [ 31.7045528, -12.3417348 ], [ 31.6954201, -12.3509542 ], [ 31.6890562, -12.3573849 ], [ 31.6815831, -12.3635229 ], [ 31.673324, -12.3730326 ], [ 31.6553704, -12.3882656 ], [ 31.6204111, -12.4465464 ], [ 31.6180799, -12.452942 ], [ 31.617637, -12.4572315 ], [ 31.6170873, -12.4602041 ], [ 31.6160156, -12.4626013 ], [ 31.6139507, -12.4648207 ], [ 31.6121216, -12.4641137 ], [ 31.6121216, -12.4636841 ], [ 31.6116943, -12.4622803 ], [ 31.6107788, -12.4610596 ], [ 31.6094971, -12.4610596 ], [ 31.6077271, -12.4616089 ], [ 31.6070557, -12.4625854 ], [ 31.6061401, -12.4634399 ], [ 31.6052856, -12.4643555 ], [ 31.6039429, -12.46521 ], [ 31.6019897, -12.4654541 ], [ 31.60003660000001, -12.465332 ], [ 31.5993652, -12.4643555 ], [ 31.5980225, -12.4636841 ], [ 31.5964966, -12.4625854 ], [ 31.5944824, -12.4620361 ], [ 31.5933838, -12.4632568 ], [ 31.5938721, -12.4645386 ], [ 31.5938721, -12.4658813 ], [ 31.5933838, -12.4672241 ], [ 31.5932007, -12.46875 ], [ 31.5933838, -12.4701538 ], [ 31.5933838, -12.4711914 ], [ 31.5927734, -12.4717407 ], [ 31.5914307, -12.4720459 ], [ 31.590332, -12.4720459 ], [ 31.5889893, -12.4723511 ], [ 31.5878906, -12.4733887 ], [ 31.5878906, -12.4745483 ], [ 31.588562, -12.4768677 ], [ 31.5896606, -12.4778442 ], [ 31.5905762, -12.4790649 ], [ 31.5905762, -12.480835 ], [ 31.5900879, -12.482605 ], [ 31.5883789, -12.4834595 ], [ 31.5866089, -12.4834595 ], [ 31.5845947, -12.4835815 ], [ 31.5826416, -12.4835815 ], [ 31.5808716, -12.4829102 ], [ 31.5797729, -12.4830322 ], [ 31.5786743, -12.4840088 ], [ 31.5773315, -12.4849243 ], [ 31.5760498, -12.4860229 ], [ 31.5751343, -12.4874268 ], [ 31.5744629, -12.4874268 ], [ 31.5744629, -12.4864502 ], [ 31.5736084, -12.4860229 ], [ 31.5720825, -12.4857788 ], [ 31.5718384, -12.4864502 ], [ 31.5720825, -12.4883423 ], [ 31.5720825, -12.4893188 ], [ 31.571167, -12.4902954 ], [ 31.5700684, -12.4906616 ], [ 31.5689697, -12.491394 ], [ 31.5678711, -12.4924927 ], [ 31.5665894, -12.4941406 ], [ 31.5654907, -12.4942627 ], [ 31.5643921, -12.4945679 ], [ 31.5634766, -12.4950562 ], [ 31.5617065, -12.4953613 ], [ 31.5599976, -12.4962158 ], [ 31.5597534, -12.4970093 ], [ 31.5595093, -12.49823 ], [ 31.5588989, -12.4989014 ], [ 31.5579834, -12.4990845 ], [ 31.5564575, -12.4992065 ], [ 31.555542, -12.4998779 ], [ 31.5546875, -12.5008545 ], [ 31.5533447, -12.5020752 ], [ 31.5513916, -12.5027466 ], [ 31.550293, -12.5029297 ], [ 31.5487671, -12.5023193 ], [ 31.5478516, -12.5019531 ], [ 31.5465698, -12.5023804 ], [ 31.5456543, -12.5029297 ], [ 31.5438843, -12.5029297 ], [ 31.5421753, -12.5029297 ], [ 31.5401611, -12.5032959 ], [ 31.5386353, -12.5037231 ], [ 31.5371094, -12.5045776 ], [ 31.5355225, -12.5053711 ], [ 31.5335693, -12.5057983 ], [ 31.5335693, -12.5065918 ], [ 31.5339966, -12.5071411 ], [ 31.5350952, -12.5079956 ], [ 31.5361938, -12.5081177 ], [ 31.5372925, -12.5085449 ], [ 31.5377197, -12.5093384 ], [ 31.5372925, -12.5106812 ], [ 31.5366211, -12.5115356 ], [ 31.5360107, -12.5131836 ], [ 31.5353394, -12.5142822 ], [ 31.5339966, -12.5145874 ], [ 31.5327148, -12.5149536 ], [ 31.5311279, -12.5148315 ], [ 31.5294189, -12.5148315 ], [ 31.5285034, -12.5152588 ], [ 31.5285034, -12.5163574 ], [ 31.527832, -12.5175781 ], [ 31.5276489, -12.5187988 ], [ 31.5280762, -12.5196533 ], [ 31.5287476, -12.5201416 ], [ 31.5287476, -12.5215454 ], [ 31.5282593, -12.5231934 ], [ 31.5289307, -12.5236206 ], [ 31.5296021, -12.5236206 ], [ 31.5302734, -12.5227661 ], [ 31.5305176, -12.5215454 ], [ 31.5317993, -12.5205688 ], [ 31.5331421, -12.5205688 ], [ 31.5339966, -12.5214233 ], [ 31.5333252, -12.522644 ], [ 31.5324707, -12.5238647 ], [ 31.5313721, -12.5245361 ], [ 31.5309448, -12.5258179 ], [ 31.5307007, -12.5270386 ], [ 31.5313721, -12.5292358 ], [ 31.5300293, -12.5308838 ], [ 31.5289307, -12.5307617 ], [ 31.5280762, -12.5302124 ], [ 31.5267334, -12.52948 ], [ 31.5256348, -12.5303345 ], [ 31.5245361, -12.5316772 ], [ 31.5249634, -12.5327759 ], [ 31.5249634, -12.5348511 ], [ 31.5249634, -12.536499 ], [ 31.524353, -12.5375977 ], [ 31.524353, -12.5390015 ], [ 31.524353, -12.5403442 ], [ 31.5249634, -12.5423584 ], [ 31.5249634, -12.5438843 ], [ 31.5254517, -12.545105 ], [ 31.5252075, -12.5458374 ], [ 31.524353, -12.5462646 ], [ 31.5234375, -12.5457153 ], [ 31.5230103, -12.5448608 ], [ 31.5221558, -12.5449829 ], [ 31.5221558, -12.5462646 ], [ 31.5223389, -12.5473022 ], [ 31.5230103, -12.5482788 ], [ 31.5234375, -12.5496216 ], [ 31.5232544, -12.5509033 ], [ 31.5216675, -12.5525513 ], [ 31.5212402, -12.5535278 ], [ 31.5205688, -12.5546265 ], [ 31.519043, -12.5549927 ], [ 31.5179443, -12.5543213 ], [ 31.5166016, -12.5544434 ], [ 31.5161743, -12.5556641 ], [ 31.5166016, -12.5569458 ], [ 31.5172729, -12.5584106 ], [ 31.5170898, -12.5596313 ], [ 31.5170898, -12.5613403 ], [ 31.5157471, -12.5628052 ], [ 31.5153198, -12.5640259 ], [ 31.5142212, -12.5648804 ], [ 31.5135498, -12.5657349 ], [ 31.5128784, -12.5657349 ], [ 31.5117798, -12.5662231 ], [ 31.5109253, -12.5667725 ], [ 31.5089111, -12.5670776 ], [ 31.5089111, -12.5678711 ], [ 31.5091553, -12.5697021 ], [ 31.5100098, -12.5713501 ], [ 31.5100098, -12.5725708 ], [ 31.5082397, -12.5726929 ], [ 31.5060425, -12.5728149 ], [ 31.5047607, -12.5732422 ], [ 31.5045166, -12.5742187 ], [ 31.5047607, -12.5751953 ], [ 31.5043335, -12.5757446 ], [ 31.503418, -12.5762939 ], [ 31.5025635, -12.5758667 ], [ 31.5014648, -12.5757446 ], [ 31.5003662, -12.5754395 ], [ 31.4994507, -12.5747681 ], [ 31.4981689, -12.5742187 ], [ 31.4979248, -12.5747681 ], [ 31.4983521, -12.5754395 ], [ 31.4994507, -12.5759888 ], [ 31.5001221, -12.5765381 ], [ 31.5001221, -12.5773926 ], [ 31.4990234, -12.5789795 ], [ 31.4976807, -12.5794067 ], [ 31.496582, -12.5791016 ], [ 31.4961548, -12.579834 ], [ 31.4961548, -12.5811768 ], [ 31.4961548, -12.5831299 ], [ 31.4954834, -12.5853271 ], [ 31.4951094, -12.5878096 ], [ 31.4932534, -12.5900225 ], [ 31.4911119, -12.5905936 ], [ 31.4909691, -12.5925924 ], [ 31.4896129, -12.5945911 ], [ 31.4882566, -12.5957332 ], [ 31.4864006, -12.5961615 ], [ 31.4852584, -12.5973037 ], [ 31.4847588, -12.5987314 ], [ 31.4853298, -12.6006587 ], [ 31.4850443, -12.6021578 ], [ 31.4841877, -12.6032999 ], [ 31.4819748, -12.6026575 ], [ 31.4812609, -12.6028716 ], [ 31.4808326, -12.6037996 ], [ 31.4811896, -12.6047276 ], [ 31.480904, -12.6056556 ], [ 31.4789767, -12.6063694 ], [ 31.4783342, -12.607226 ], [ 31.4782628, -12.6083682 ], [ 31.4783342, -12.6095817 ], [ 31.4777631, -12.613722 ], [ 31.4764068, -12.6169342 ], [ 31.4750506, -12.6178622 ], [ 31.474765, -12.6193613 ], [ 31.4739798, -12.6210745 ], [ 31.4724807, -12.6226449 ], [ 31.4711244, -12.624144 ], [ 31.4694826, -12.6255003 ], [ 31.4679122, -12.6263569 ], [ 31.4666986, -12.6268566 ], [ 31.4654137, -12.6279987 ], [ 31.464914, -12.6289267 ], [ 31.4656279, -12.6309255 ], [ 31.4651996, -12.6329242 ], [ 31.4642002, -12.6338736 ], [ 31.4619873, -12.6340164 ], [ 31.4622015, -12.6370145 ], [ 31.464343, -12.6394416 ], [ 31.4634864, -12.6422969 ], [ 31.4617018, -12.6463658 ], [ 31.4614876, -12.6496494 ], [ 31.4608452, -12.6511128 ], [ 31.4597744, -12.6533257 ], [ 31.4588464, -12.6555386 ], [ 31.4567763, -12.6559669 ], [ 31.4539923, -12.6561097 ], [ 31.4521363, -12.6558955 ], [ 31.451137, -12.6573946 ], [ 31.4485672, -12.659322 ], [ 31.4477819, -12.6612493 ], [ 31.4462115, -12.6638905 ], [ 31.4452835, -12.6671028 ], [ 31.4457832, -12.6712431 ], [ 31.4444269, -12.6732418 ], [ 31.4451407, -12.6755261 ], [ 31.4451407, -12.6789525 ], [ 31.4417857, -12.6808085 ], [ 31.4400725, -12.682022 ], [ 31.4396442, -12.6836638 ], [ 31.4404294, -12.687233 ], [ 31.4408577, -12.6915874 ], [ 31.4416429, -12.6930865 ], [ 31.4430706, -12.6953708 ], [ 31.4435703, -12.6962274 ], [ 31.4457832, -12.6971054 ], [ 31.4463543, -12.6998894 ], [ 31.4463543, -12.7027447 ], [ 31.4472822, -12.7053146 ], [ 31.4487099, -12.7084554 ], [ 31.4493524, -12.7112394 ], [ 31.4479247, -12.7144517 ], [ 31.446497, -12.7170929 ], [ 31.446497, -12.7199482 ], [ 31.4482816, -12.7221611 ], [ 31.4476392, -12.7240171 ], [ 31.4484244, -12.7260873 ], [ 31.4484244, -12.7277291 ], [ 31.448257, -12.7282754 ], [ 31.4461334, -12.7664996 ], [ 31.4464347, -12.7669323 ], [ 31.4478096, -12.7692365 ], [ 31.4467017, -12.7710956 ], [ 31.4474913, -12.7734681 ], [ 31.4479164, -12.775695 ], [ 31.4465142, -12.7778393 ], [ 31.4448945, -12.7796954 ], [ 31.4440041, -12.7818428 ], [ 31.4455156, -12.7857264 ], [ 31.4433845, -12.7875077 ], [ 31.4427125, -12.7897998 ], [ 31.4442385, -12.7913157 ], [ 31.4452563, -12.7922545 ], [ 31.4457593, -12.7936925 ], [ 31.4466326, -12.7943434 ], [ 31.4483124, -12.7946404 ], [ 31.4486661, -12.7965798 ], [ 31.4479245, -12.7982975 ], [ 31.4474718, -12.800591 ], [ 31.4473886, -12.8022408 ], [ 31.4449195, -12.7994996 ], [ 31.4437387, -12.8012865 ], [ 31.4438722, -12.8033681 ], [ 31.445389, -12.8063908 ], [ 31.4458854, -12.8089051 ], [ 31.4468262, -12.8104892 ], [ 31.4488638, -12.8120798 ], [ 31.4492166, -12.8141627 ], [ 31.4499465, -12.8143823 ], [ 31.4469342, -12.8167324 ], [ 31.4439968, -12.8187959 ], [ 31.4425961, -12.8206532 ], [ 31.4415645, -12.8219387 ], [ 31.4416235, -12.8242351 ], [ 31.4398607, -12.8255163 ], [ 31.4362022, -12.825925 ], [ 31.4340702, -12.8277779 ], [ 31.4354475, -12.8297235 ], [ 31.4346219, -12.8331627 ], [ 31.4330708, -12.8356649 ], [ 31.4325403, -12.8386753 ], [ 31.4326727, -12.8409005 ], [ 31.4320815, -12.8419015 ], [ 31.4311367, -12.840963 ], [ 31.4302548, -12.8416753 ], [ 31.4300238, -12.8435395 ], [ 31.4294982, -12.8457607 ], [ 31.4281681, -12.8479771 ], [ 31.4281543, -12.8502014 ], [ 31.427341, -12.8516316 ], [ 31.4245577, -12.8523324 ], [ 31.4232343, -12.8534725 ], [ 31.4232303, -12.8541182 ], [ 31.4235896, -12.8551249 ], [ 31.4236543, -12.8564886 ], [ 31.4226229, -12.8577022 ], [ 31.4207117, -12.8592693 ], [ 31.4205547, -12.8609904 ], [ 31.4222276, -12.8624355 ], [ 31.4242703, -12.8632371 ], [ 31.4261721, -12.8631768 ], [ 31.4270412, -12.8645453 ], [ 31.4266666, -12.8659781 ], [ 31.4254198, -12.8665446 ], [ 31.4254113, -12.8679079 ], [ 31.4268676, -12.8689212 ], [ 31.4270036, -12.8705723 ], [ 31.4256774, -12.8721429 ], [ 31.4253759, -12.8735762 ], [ 31.428373, -12.8738094 ], [ 31.4312982, -12.8738269 ], [ 31.4310713, -12.8750454 ], [ 31.4298249, -12.8755402 ], [ 31.429453, -12.8765425 ], [ 31.4280563, -12.8776822 ], [ 31.4270962, -12.8791832 ], [ 31.4284723, -12.8813441 ], [ 31.4301468, -12.8825739 ], [ 31.4308696, -12.8839415 ], [ 31.4300611, -12.8845825 ], [ 31.4276472, -12.8846397 ], [ 31.4261782, -12.8856354 ], [ 31.4274108, -12.8873649 ], [ 31.4290938, -12.8872315 ], [ 31.4309891, -12.8882474 ], [ 31.4317173, -12.8887541 ], [ 31.4311996, -12.8896837 ], [ 31.4301725, -12.8901799 ], [ 31.4299428, -12.8918288 ], [ 31.4311085, -12.8925533 ], [ 31.4324964, -12.8928486 ], [ 31.4326359, -12.8939258 ], [ 31.4317574, -12.894064 ], [ 31.4307254, -12.8953494 ], [ 31.4303162, -12.896491 ], [ 31.4299811, -12.8974257 ], [ 31.4300007, -12.8974688 ], [ 31.430748, -12.8979307 ], [ 31.432997, -12.8985362 ], [ 31.4351915, -12.8992585 ], [ 31.4369763, -12.8999959 ], [ 31.4379899, -12.9004749 ], [ 31.4392458, -12.9011744 ], [ 31.4403806, -12.9017636 ], [ 31.4421963, -12.9033604 ], [ 31.4434523, -12.9040599 ], [ 31.4444474, -12.9040231 ], [ 31.4469306, -12.9046199 ], [ 31.4495, -12.9043529 ], [ 31.4514543, -12.9049119 ], [ 31.4519894, -12.9051216 ], [ 31.4516608, -12.9057648 ], [ 31.4509225, -12.9064232 ], [ 31.4508825, -12.906941 ], [ 31.450746, -12.9080362 ], [ 31.4514414, -12.9094448 ], [ 31.4525239, -12.910208 ], [ 31.4531904, -12.9108145 ], [ 31.4537399, -12.9114253 ], [ 31.4541282, -12.9124437 ], [ 31.45345050000001, -12.9131572 ], [ 31.4520805, -12.9141831 ], [ 31.4514613, -12.9148945 ], [ 31.4513434, -12.9165053 ], [ 31.4518784, -12.916715 ], [ 31.4522379, -12.9169312 ], [ 31.4527618, -12.9184609 ], [ 31.4527547, -12.9198955 ], [ 31.4522043, -12.9208912 ], [ 31.451886, -12.9218209 ], [ 31.4520937, -12.9243376 ], [ 31.4525088, -12.9261009 ], [ 31.4529053, -12.9273484 ], [ 31.453083, -12.9273992 ], [ 31.4543094, -12.928903 ], [ 31.4547142, -12.9303797 ], [ 31.4555144, -12.9314403 ], [ 31.4558627, -12.9329765 ], [ 31.4562407, -12.9337083 ], [ 31.4559748, -12.934464 ], [ 31.4557068, -12.9351624 ], [ 31.455146, -12.9358716 ], [ 31.4545771, -12.9363516 ], [ 31.4533559, -12.9366262 ], [ 31.4468892, -12.9328488 ], [ 31.4446431, -12.9339644 ], [ 31.4435092, -12.9350389 ], [ 31.4421371, -12.9360075 ], [ 31.4403788, -12.936015 ], [ 31.4386851, -12.9361922 ], [ 31.4369915, -12.9363694 ], [ 31.433177, -12.9378869 ], [ 31.4323235, -12.9386068 ], [ 31.4307109, -12.9394121 ], [ 31.429007, -12.9393027 ], [ 31.4262873, -12.938657 ], [ 31.4239693, -12.9377671 ], [ 31.4209004, -12.9371916 ], [ 31.4188534, -12.9373243 ], [ 31.4177739, -12.9382819 ], [ 31.4166985, -12.9393542 ], [ 31.4159621, -12.9400697 ], [ 31.4150798, -12.9399874 ], [ 31.4137775, -12.9396337 ], [ 31.4125747, -12.9404238 ], [ 31.4107988, -12.9415791 ], [ 31.4093516, -12.9420913 ], [ 31.4079928, -12.941797 ], [ 31.4058627, -12.9412442 ], [ 31.4042051, -12.9407888 ], [ 31.402154, -12.9408067 ], [ 31.401359, -12.9415244 ], [ 31.4002671, -12.9421382 ], [ 31.3992276, -12.942578 ], [ 31.3980608, -12.9427356 ], [ 31.3963528, -12.9425114 ], [ 31.3930846, -12.9429182 ], [ 31.3925639, -12.9431094 ], [ 31.3915326, -12.9437783 ], [ 31.388717, -12.9453732 ], [ 31.3881806, -12.9467698 ], [ 31.3875415, -12.9485717 ], [ 31.3872773, -12.9493846 ], [ 31.3867164, -12.9500936 ], [ 31.3853944, -12.9508305 ], [ 31.3831594, -12.9506256 ], [ 31.3823201, -12.9517464 ], [ 31.3816018, -12.9529775 ], [ 31.3805507, -12.9547371 ], [ 31.3793539, -12.9556989 ], [ 31.3773817, -12.9562874 ], [ 31.3761481, -12.9562179 ], [ 31.3752196, -12.9564813 ], [ 31.3744448, -12.9577718 ], [ 31.3732078, -12.9592514 ], [ 31.3716698, -12.9605124 ], [ 31.3702551, -12.9619411 ], [ 31.3683032, -12.9631025 ], [ 31.3668599, -12.963729 ], [ 31.3659878, -12.963933 ], [ 31.3653157, -12.9648182 ], [ 31.3648133, -12.965525 ], [ 31.364436, -12.9664567 ], [ 31.3635822, -12.9671763 ], [ 31.3622417, -12.9673975 ], [ 31.3610285, -12.9679008 ], [ 31.3594477, -12.9679585 ], [ 31.3589895, -12.9682621 ], [ 31.358267, -12.9693786 ], [ 31.3572681, -12.970964 ], [ 31.3568806, -12.9716092 ], [ 31.355506, -12.97252 ], [ 31.353669, -12.9736197 ], [ 31.3515836, -12.974327 ], [ 31.3480767, -12.9746271 ], [ 31.3460758, -12.9744133 ], [ 31.3441778, -12.9737941 ], [ 31.342708, -12.9736756 ], [ 31.3404749, -12.9735276 ], [ 31.3376564, -12.9734009 ], [ 31.3361927, -12.9734543 ], [ 31.3339613, -12.9716998 ], [ 31.3338077, -12.9706728 ], [ 31.332697, -12.9691069 ], [ 31.3323697, -12.9681436 ], [ 31.331348, -12.9674351 ], [ 31.3302637, -12.966614 ], [ 31.3296579, -12.9660624 ], [ 31.3280507, -12.9653752 ], [ 31.3270977, -12.964951 ], [ 31.3257126, -12.9639114 ], [ 31.3208572, -12.964203 ], [ 31.3176553, -12.9648358 ], [ 31.3132643, -12.9649955 ], [ 31.3092729, -12.9648539 ], [ 31.2194223, -13.0407277 ], [ 31.2189573, -13.0425227 ], [ 31.2189699, -13.0479144 ], [ 31.2171468, -13.0527985 ], [ 31.2148397, -13.0555775 ], [ 31.2136518, -13.0568248 ], [ 31.2125505, -13.0588721 ], [ 31.2111663, -13.0612163 ], [ 31.2103618, -13.0633677 ], [ 31.2096438, -13.066319 ], [ 31.2092552, -13.0686275 ], [ 31.2083801, -13.0704371 ], [ 31.2079955, -13.0728602 ], [ 31.2079969, -13.074581 ], [ 31.2075158, -13.0759177 ], [ 31.2068063, -13.0774346 ], [ 31.2060197, -13.0801015 ], [ 31.2056011, -13.0815506 ], [ 31.2053881, -13.0838528 ], [ 31.2050946, -13.0855268 ], [ 31.2050414, -13.0873643 ], [ 31.2046854, -13.0889259 ], [ 31.2043999, -13.0908291 ], [ 31.2046235, -13.0921978 ], [ 31.2040332, -13.0937678 ], [ 31.2036311, -13.0940117 ], [ 31.2022799, -13.0939454 ], [ 31.1961235, -13.093994 ], [ 31.1945019, -13.0979527 ], [ 31.1951522, -13.0981015 ], [ 31.1958971, -13.0992795 ], [ 31.196298400000011, -13.1006991 ], [ 31.1870637, -13.1353324 ], [ 31.1873797, -13.1376729 ], [ 31.1877077, -13.1403572 ], [ 31.1878688, -13.1416134 ], [ 31.1880123, -13.1457383 ], [ 31.1875456, -13.1458124 ], [ 31.1866647, -13.1457865 ], [ 31.1848605, -13.1461952 ], [ 31.1840662, -13.1469693 ], [ 31.1842506, -13.1539609 ], [ 31.1839966, -13.1567807 ], [ 31.1844011, -13.1599785 ], [ 31.1842345, -13.1619347 ], [ 31.1834819, -13.1639119 ], [ 31.182654, -13.1670964 ], [ 31.181803, -13.1679299 ], [ 31.180374, -13.1690135 ], [ 31.1796074, -13.1705896 ], [ 31.1804655, -13.1716488 ], [ 31.1804229, -13.1721092 ], [ 31.1795132, -13.1729448 ], [ 31.1782113, -13.1743106 ], [ 31.1780028, -13.1750637 ], [ 31.1780059, -13.1768418 ], [ 31.178166, -13.1797615 ], [ 31.1775157, -13.182997 ], [ 31.1770352, -13.1860543 ], [ 31.1765436, -13.1871044 ], [ 31.175026, -13.1873306 ], [ 31.1710603, -13.1863249 ], [ 31.1659018, -13.1864515 ], [ 31.1645004, -13.188337 ], [ 31.1637943, -13.1899683 ], [ 31.164993, -13.1923921 ], [ 31.1655661, -13.1936909 ], [ 31.1663448, -13.1958429 ], [ 31.1674065, -13.197698 ], [ 31.1669815, -13.198975 ], [ 31.1632052, -13.2017482 ], [ 31.1623331, -13.2036722 ], [ 31.1620371, -13.2052889 ], [ 31.1613657, -13.2062305 ], [ 31.1597397, -13.2084108 ], [ 31.1573965, -13.2102151 ], [ 31.1560615, -13.2123276 ], [ 31.1544583, -13.2134745 ], [ 31.153015, -13.2141568 ], [ 31.1509062, -13.2159526 ], [ 31.1496954, -13.2165693 ], [ 31.1485609, -13.2176995 ], [ 31.1480304, -13.2193245 ], [ 31.1475604, -13.2210046 ], [ 31.1472762, -13.222965 ], [ 31.1468917, -13.2237243 ], [ 31.1459093, -13.2241607 ], [ 31.1437041, -13.2248701 ], [ 31.1423292, -13.2258367 ], [ 31.1413119, -13.2269627 ], [ 31.1403711, -13.2286022 ], [ 31.1399584, -13.2319437 ], [ 31.1389787, -13.2341582 ], [ 31.137584, -13.2345519 ], [ 31.1364962, -13.2353362 ], [ 31.1352234, -13.237561 ], [ 31.1338603, -13.2388713 ], [ 31.1319638, -13.2400284 ], [ 31.130874, -13.2407554 ], [ 31.1286666, -13.2414073 ], [ 31.1219233, -13.2432525 ], [ 31.1219219, -13.2449159 ], [ 31.1222229, -13.2451347 ], [ 31.1244586, -13.2470056 ], [ 31.1253733, -13.2480057 ], [ 31.1270717, -13.2496089 ], [ 31.1279964, -13.2508953 ], [ 31.1286615, -13.2531661 ], [ 31.1285312, -13.25449 ], [ 31.1276836, -13.2554378 ], [ 31.1270198, -13.2566085 ], [ 31.1240029, -13.2559124 ], [ 31.1239943, -13.2590675 ], [ 31.1245251, -13.2625475 ], [ 31.1245415, -13.2647266 ], [ 31.1234462, -13.2670024 ], [ 31.1215145, -13.268849 ], [ 31.1182583, -13.2714307 ], [ 31.1167659, -13.2724013 ], [ 31.1161783, -13.2740855 ], [ 31.1173143, -13.276397 ], [ 31.1181843, -13.2778001 ], [ 31.1183818, -13.2784241 ], [ 31.118042, -13.2787803 ], [ 31.1170474, -13.2788728 ], [ 31.1160509, -13.2789081 ], [ 31.1150584, -13.2790579 ], [ 31.1128078, -13.28017 ], [ 31.1126088, -13.2812095 ], [ 31.11339850000001, -13.2819846 ], [ 31.1141506, -13.2816712 ], [ 31.1155482, -13.2830557 ], [ 31.1160112, -13.2828672 ], [ 31.1148822, -13.2841691 ], [ 31.1128931, -13.2843542 ], [ 31.1106774, -13.2847767 ], [ 31.110377, -13.2862786 ], [ 31.1085613, -13.2915051 ], [ 31.1058548, -13.2981396 ], [ 31.1035586, -13.3047595 ], [ 31.1029551, -13.3059853 ], [ 31.1015781, -13.3086151 ], [ 31.1005193, -13.3102585 ], [ 31.0993162, -13.3128247 ], [ 31.0988885, -13.3140443 ], [ 31.0983396, -13.3151535 ], [ 31.0978533, -13.3163751 ], [ 31.0851019, -13.3621942 ], [ 31.0846681, -13.3632419 ], [ 31.0827081, -13.3660067 ], [ 31.0810058, -13.3677299 ], [ 31.0804938, -13.3682068 ], [ 31.0789304, -13.3705561 ], [ 31.077578, -13.3722096 ], [ 31.0769604, -13.3730343 ], [ 31.0759031, -13.3747348 ], [ 31.074369, -13.3779434 ], [ 31.0736714, -13.3798607 ], [ 31.0731086, -13.3822894 ], [ 31.073236, -13.3860131 ], [ 31.0734394, -13.3868089 ], [ 31.0729941, -13.3909542 ], [ 31.0730294, -13.3919854 ], [ 31.0736473, -13.394602 ], [ 31.0737608, -13.396204 ], [ 31.0742009, -13.3987696 ], [ 31.0743378, -13.3993383 ], [ 31.0733272, -13.400693 ], [ 31.0726215, -13.4006605 ], [ 31.0706823, -13.4006139 ], [ 31.0693275, -13.4004894 ], [ 31.0653435, -13.400744 ], [ 31.0638013, -13.405444 ], [ 31.0640712, -13.4081876 ], [ 31.0639051, -13.4102009 ], [ 31.0634907, -13.4118214 ], [ 31.0636922, -13.4142806 ], [ 31.0637137, -13.4149107 ], [ 31.063618, -13.415545 ], [ 31.064445, -13.4174087 ], [ 31.0649181, -13.4175068 ], [ 31.0658643, -13.417703 ], [ 31.0669259, -13.4178379 ], [ 31.0682768, -13.4178478 ], [ 31.0689161, -13.4176533 ], [ 31.0693326, -13.4195314 ], [ 31.0674891, -13.4205712 ], [ 31.0669789, -13.4211053 ], [ 31.066193, -13.4221653 ], [ 31.0657433, -13.4227546 ], [ 31.0656574, -13.4236753 ], [ 31.0657024, -13.4249929 ], [ 31.0647913, -13.4258278 ], [ 31.062107, -13.4246028 ], [ 31.0618411, -13.4254152 ], [ 31.06193110000001, -13.4263297 ], [ 31.0616183, -13.4274878 ], [ 31.0615069, -13.4293844 ], [ 31.0615284, -13.4300146 ], [ 31.0617533, -13.4314406 ], [ 31.0617064, -13.433507 ], [ 31.0619723, -13.4344154 ], [ 31.062899, -13.4357594 ], [ 31.0630418, -13.4365 ], [ 31.0632882, -13.4385561 ], [ 31.063691, -13.4400333 ], [ 31.0637536, -13.4401458 ], [ 31.0628288, -13.4405797 ], [ 31.0612548, -13.4426423 ], [ 31.059982, -13.4449238 ], [ 31.0595597, -13.4463151 ], [ 31.0560792, -13.4544668 ], [ 31.0554555, -13.4551196 ], [ 31.0537973, -13.4564395 ], [ 31.052323, -13.4579823 ], [ 31.0508212, -13.4604438 ], [ 31.0507469, -13.4599876 ], [ 31.0491669, -13.4618782 ], [ 31.0485079, -13.4632205 ], [ 31.047403, -13.4652666 ], [ 31.0479856, -13.4668521 ], [ 31.0495439, -13.4694932 ], [ 31.0493463, -13.4705899 ], [ 31.0482238, -13.4721204 ], [ 31.0470993, -13.4735936 ], [ 31.0457499, -13.4753614 ], [ 31.0446841, -13.4768326 ], [ 31.0426188, -13.4800019 ], [ 31.0426089, -13.4814361 ], [ 31.0433185, -13.4850247 ], [ 31.0445307, -13.48785 ], [ 31.0462182, -13.4891101 ], [ 31.0476438, -13.4895765 ], [ 31.0495779, -13.4894515 ], [ 31.0513476, -13.4896763 ], [ 31.0539036, -13.4888413 ], [ 31.0552784, -13.4878181 ], [ 31.0570874, -13.487468 ], [ 31.0586166, -13.4875292 ], [ 31.0603766, -13.4874675 ], [ 31.0624711, -13.486878 ], [ 31.0638224, -13.486888 ], [ 31.0648823, -13.4869655 ], [ 31.0641802, -13.4922095 ], [ 31.0641274, -13.494104 ], [ 31.0647414, -13.4966061 ], [ 31.0655511, -13.4979543 ], [ 31.0642935, -13.500694 ], [ 31.0632627, -13.5083584 ], [ 31.0616844, -13.512027 ], [ 31.0589891, -13.517398 ], [ 31.0587777, -13.5198143 ], [ 31.0590377, -13.5222715 ], [ 31.0597691, -13.5247695 ], [ 31.0601113, -13.5261914 ], [ 31.0603382, -13.5276747 ], [ 31.0600916, -13.5307805 ], [ 31.0595614, -13.5324623 ], [ 31.0590684, -13.5352326 ], [ 31.0592913, -13.5366013 ], [ 31.0599288, -13.5397909 ], [ 31.0607365, -13.5410818 ], [ 31.061552, -13.5443225 ], [ 31.060707, -13.5453844 ], [ 31.0600653, -13.5472422 ], [ 31.0594744, -13.5505895 ], [ 31.0589539, -13.5525577 ], [ 31.0588716, -13.5553136 ], [ 31.0590592, -13.5573718 ], [ 31.059065, -13.5592643 ], [ 31.0586619, -13.5612285 ], [ 31.058022, -13.5631435 ], [ 31.0562808, -13.5654986 ], [ 31.0556626, -13.5663232 ], [ 31.0542246, -13.5689544 ], [ 31.0538625, -13.5704009 ], [ 31.0534907, -13.571561 ], [ 31.0527409, -13.5771505 ], [ 31.0533255, -13.580514 ], [ 31.0533918, -13.5824617 ], [ 31.0531783, -13.5848207 ], [ 31.0525736, -13.5860463 ], [ 31.05143880000001, -13.587233 ], [ 31.049314, -13.5886837 ], [ 31.0476529, -13.5899461 ], [ 31.0460876, -13.5905743 ], [ 31.0436087, -13.5919799 ], [ 31.043051, -13.5928597 ], [ 31.0426891, -13.5925855 ], [ 31.0402153, -13.5976042 ], [ 31.0393032, -13.6001596 ], [ 31.0387137, -13.603564 ], [ 31.038335600000011, -13.6062728 ], [ 31.0381883, -13.6088588 ], [ 31.0383521, -13.6119502 ], [ 31.0385594, -13.6128606 ], [ 31.0388895, -13.6156594 ], [ 31.0388013, -13.6165228 ], [ 31.038813, -13.6168665 ], [ 31.0384095, -13.6188306 ], [ 31.0357833, -13.6211015 ], [ 31.0352744, -13.6216928 ], [ 31.0328732, -13.6236691 ], [ 31.0298787, -13.6272145 ], [ 31.0281367, -13.6295692 ], [ 31.0263107, -13.6311813 ], [ 31.0252245, -13.6320794 ], [ 31.0244963, -13.633137 ], [ 31.0218683, -13.6336299 ], [ 31.0208583, -13.6350415 ], [ 31.0168092, -13.6369601 ], [ 31.014887, -13.6392063 ], [ 30.9894207, -13.6700269 ], [ 30.9881206, -13.671563 ], [ 30.987063, -13.6733201 ], [ 30.9869565, -13.6753885 ], [ 30.987279, -13.6762376 ], [ 30.9899312, -13.679931 ], [ 30.9906828, -13.6795608 ], [ 30.9929468, -13.6804574 ], [ 30.9936946, -13.6799728 ], [ 30.9960992, -13.6815527 ], [ 30.9972754, -13.6815693 ], [ 30.9991446, -13.6812178 ], [ 31.0005711, -13.6816845 ], [ 31.0016144, -13.6812469 ], [ 31.0040081, -13.6807625 ], [ 31.0060238, -13.6812662 ], [ 31.0077736, -13.6808614 ], [ 31.0089988, -13.6805895 ], [ 31.0114622, -13.6821672 ], [ 31.0118946, -13.6827831 ], [ 31.0128999, -13.6846982 ], [ 31.0131845, -13.6879 ], [ 31.0131252, -13.6896226 ], [ 31.0132376, -13.6929452 ], [ 31.0131919, -13.6950688 ], [ 31.0137953, -13.6990051 ], [ 31.0134424, -13.7007379 ], [ 31.0099058, -13.7056781 ], [ 31.0086798, -13.7076706 ], [ 31.0076732, -13.7091966 ], [ 31.0067071, -13.7223636 ], [ 31.0064754, -13.7242069 ], [ 31.0065296, -13.7258108 ], [ 31.007464, -13.7291049 ], [ 31.0084204, -13.7313084 ], [ 31.0097001, -13.7326405 ], [ 31.0110721, -13.7332239 ], [ 31.0128197, -13.7344824 ], [ 31.0143518, -13.7363219 ], [ 31.0152108, -13.7373818 ], [ 31.0157232, -13.7386258 ], [ 31.0161969, -13.7387241 ], [ 31.0174438, -13.7390823 ], [ 31.018963, -13.7388002 ], [ 31.0223158, -13.7405765 ], [ 31.0237757, -13.742017 ], [ 31.0250084, -13.7436948 ], [ 31.0273352, -13.7464243 ], [ 31.0283569, -13.7470771 ], [ 31.0291559, -13.7463611 ], [ 31.0299961, -13.7451276 ], [ 31.0307305, -13.7442418 ], [ 31.0319973, -13.7434522 ], [ 31.0336063, -13.7440845 ], [ 31.0351741, -13.7452345 ], [ 31.0352537, -13.7475832 ], [ 31.0353809, -13.7478655 ], [ 31.0363735, -13.747659 ], [ 31.0370666, -13.7472908 ], [ 31.0381101, -13.7468531 ], [ 31.0396313, -13.7466281 ], [ 31.0408686, -13.7466998 ], [ 31.0422287, -13.7486599 ], [ 31.0429665, -13.7496092 ], [ 31.0431034, -13.750178 ], [ 31.0438606, -13.7517002 ], [ 31.0452387, -13.7524552 ], [ 31.0462333, -13.7523059 ], [ 31.0475157, -13.7519745 ], [ 31.0507833, -13.75123 ], [ 31.051026, -13.7514509 ], [ 31.0501781, -13.7524555 ], [ 31.0491345, -13.7528932 ], [ 31.0480244, -13.7531039 ], [ 31.0474328, -13.7547304 ], [ 31.047327, -13.7550782 ], [ 31.0467688, -13.7559579 ], [ 31.0444268, -13.7579893 ], [ 31.0432357, -13.7610131 ], [ 31.0455007, -13.7619093 ], [ 31.0463172, -13.7617089 ], [ 31.0490909, -13.7637345 ], [ 31.0519923, -13.7643218 ], [ 31.0535627, -13.7648084 ], [ 31.0536953, -13.7648859 ], [ 31.0559771, -13.7677307 ], [ 31.05599040000001, -13.7679452 ], [ 31.0561652, -13.7686911 ], [ 31.056464, -13.7693562 ], [ 31.0582492, -13.7711414 ], [ 31.0605335, -13.7728546 ], [ 31.0630319, -13.7739968 ], [ 31.065459, -13.7756386 ], [ 31.0681715, -13.776281 ], [ 31.0713838, -13.776281 ], [ 31.0742392, -13.7759955 ], [ 31.0763807, -13.7752103 ], [ 31.0770945, -13.7730688 ], [ 31.0769518, -13.7709986 ], [ 31.0748816, -13.7669298 ], [ 31.0734539, -13.7645027 ], [ 31.0720976, -13.7611477 ], [ 31.0713124, -13.7584351 ], [ 31.07067, -13.7565077 ], [ 31.0705986, -13.7532241 ], [ 31.0715266, -13.7505115 ], [ 31.0739536, -13.7475847 ], [ 31.0766662, -13.7457288 ], [ 31.0816631, -13.7431589 ], [ 31.0863744, -13.7429448 ], [ 31.0885873, -13.7410174 ], [ 31.0908002, -13.7398039 ], [ 31.0926562, -13.7380193 ], [ 31.0957971, -13.7354495 ], [ 31.0977244, -13.733308 ], [ 31.0999374, -13.7315948 ], [ 31.1020789, -13.7308809 ], [ 31.10482, -13.729182 ], [ 31.1073184, -13.7289678 ], [ 31.1098169, -13.7287537 ], [ 31.1104074, -13.7287125 ], [ 31.1147596, -13.7315414 ], [ 31.1143438, -13.7317602 ], [ 31.1144013, -13.7318824 ], [ 31.1146971, -13.7322081 ], [ 31.1150087, -13.7326974 ], [ 31.1162989, -13.7343155 ], [ 31.118286, -13.7360906 ], [ 31.1187438, -13.7365935 ], [ 31.1189868, -13.7367166 ], [ 31.119635, -13.7372956 ], [ 31.1203928, -13.7388177 ], [ 31.1203029, -13.7413445 ], [ 31.123361100000011, -13.7430726 ], [ 31.1266815, -13.7438737 ], [ 31.1283946, -13.7441003 ], [ 31.1295009, -13.7454954 ], [ 31.1304644, -13.7478705 ], [ 31.1312672, -13.7489894 ], [ 31.1316845, -13.7508675 ], [ 31.130696, -13.7529097 ], [ 31.1299619, -13.7537958 ], [ 31.1287479, -13.7551013 ], [ 31.1286471, -13.7551935 ], [ 31.1275865, -13.7562811 ], [ 31.1275837, -13.7577721 ], [ 31.1292285, -13.7587502 ], [ 31.1311533, -13.7592905 ], [ 31.1313292, -13.7593687 ], [ 31.1325921, -13.7601847 ], [ 31.1385268, -13.7617543 ], [ 31.1395587, -13.762693 ], [ 31.1410152, -13.7621794 ], [ 31.1412192, -13.7624434 ], [ 31.141984, -13.7623301 ], [ 31.5466331, -13.6212575 ], [ 31.5466548, -13.6212787 ], [ 31.5482117, -13.6207072 ], [ 31.5538014, -13.6187584 ], [ 31.5538038, -13.6187576 ], [ 31.5538071, -13.6187596 ], [ 31.5562744, -13.6178961 ], [ 31.5564675, -13.6178263 ], [ 31.5567667, -13.617721 ], [ 31.556772, -13.6177228 ], [ 31.5570086, -13.6176403 ], [ 31.5570603, -13.6176109 ], [ 31.5574244, -13.6174037 ], [ 31.5577141, -13.6172389 ], [ 31.5587029, -13.617197 ], [ 31.5560974, -13.6157495 ], [ 31.5555836, -13.6148826 ], [ 31.5549408, -13.614362 ], [ 31.5526706, -13.6113632 ], [ 31.5516242, -13.6098069 ], [ 31.5498375, -13.6050897 ], [ 31.550969, -13.6032033 ], [ 31.5515034, -13.6025181 ], [ 31.5536369, -13.6002939 ], [ 31.5538233, -13.5989752 ], [ 31.5534845, -13.5971366 ], [ 31.5542584, -13.5958791 ], [ 31.5556166, -13.5950845 ], [ 31.5567423, -13.593944 ], [ 31.5572797, -13.5928572 ], [ 31.5574095, -13.5912512 ], [ 31.5576533, -13.590105 ], [ 31.558128, -13.5895342 ], [ 31.5598938, -13.5892587 ], [ 31.5607799, -13.5886905 ], [ 31.5606118, -13.5875991 ], [ 31.561046, -13.5846178 ], [ 31.56110730000001, -13.5842739 ], [ 31.5611182, -13.5828393 ], [ 31.5630067, -13.5818758 ], [ 31.5643718, -13.580163 ], [ 31.563041, -13.5773425 ], [ 31.5625267, -13.5753881 ], [ 31.5626622, -13.575154 ], [ 31.5639563, -13.5752464 ], [ 31.5627766, -13.5734385 ], [ 31.5627738, -13.5733196 ], [ 31.5655969, -13.5733196 ], [ 31.5659299, -13.5730498 ], [ 31.5652874, -13.5716935 ], [ 31.5648591, -13.5694806 ], [ 31.5642167, -13.5670536 ], [ 31.5636456, -13.5651976 ], [ 31.5634314, -13.5629847 ], [ 31.5632173, -13.5607718 ], [ 31.5630031, -13.5583448 ], [ 31.5629318, -13.5569885 ], [ 31.5641453, -13.5569885 ], [ 31.5658585, -13.5574882 ], [ 31.5677145, -13.5583448 ], [ 31.5692849, -13.55913 ], [ 31.5720689, -13.5594869 ], [ 31.5729255, -13.5582734 ], [ 31.573211, -13.5569885 ], [ 31.5723544, -13.5564174 ], [ 31.5710695, -13.555418 ], [ 31.5709267, -13.5534193 ], [ 31.5712837, -13.551135 ], [ 31.5709267, -13.5491362 ], [ 31.5704984, -13.5472803 ], [ 31.5704984, -13.544996 ], [ 31.5709981, -13.5432114 ], [ 31.5725686, -13.5423548 ], [ 31.5740676, -13.5411413 ], [ 31.5752812, -13.5380004 ], [ 31.5752812, -13.5362872 ], [ 31.5757808, -13.5338601 ], [ 31.5746387, -13.5319327 ], [ 31.573211, -13.5300768 ], [ 31.5719261, -13.5285063 ], [ 31.571712, -13.5267931 ], [ 31.5724258, -13.5249371 ], [ 31.5716406, -13.5233667 ], [ 31.5699274, -13.5207255 ], [ 31.5675703, -13.5184375 ], [ 31.56595840000001, -13.5180557 ], [ 31.5633886, -13.5165567 ], [ 31.5623179, -13.5147007 ], [ 31.5611043, -13.5129875 ], [ 31.5594625, -13.5130589 ], [ 31.558249, -13.5115598 ], [ 31.5590342, -13.5092755 ], [ 31.5581062, -13.5069912 ], [ 31.5578921, -13.5042073 ], [ 31.5592483, -13.5030651 ], [ 31.560676, -13.5016374 ], [ 31.560105, -13.4999956 ], [ 31.5599622, -13.4982824 ], [ 31.5598194, -13.4960695 ], [ 31.5598194, -13.4933569 ], [ 31.5598908, -13.4907157 ], [ 31.5605333, -13.4881459 ], [ 31.5616754, -13.4867896 ], [ 31.5613185, -13.4855047 ], [ 31.560105, -13.4855047 ], [ 31.5578207, -13.4846481 ], [ 31.5569641, -13.483149 ], [ 31.5578207, -13.48165 ], [ 31.5589628, -13.4811503 ], [ 31.5604619, -13.4799368 ], [ 31.5611043, -13.478195 ], [ 31.5622465, -13.4761963 ], [ 31.56346, -13.4747686 ], [ 31.5635314, -13.4726271 ], [ 31.5628889, -13.471128 ], [ 31.56346, -13.4697003 ], [ 31.5654587, -13.4689865 ], [ 31.5664581, -13.4664167 ], [ 31.566815, -13.4644179 ], [ 31.565316, -13.4637041 ], [ 31.5636028, -13.4625619 ], [ 31.5619609, -13.4605632 ], [ 31.5620323, -13.4583503 ], [ 31.5645308, -13.4565657 ], [ 31.5671006, -13.4559232 ], [ 31.567743, -13.4547811 ], [ 31.5670292, -13.4534248 ], [ 31.5649591, -13.4523541 ], [ 31.5624606, -13.4509264 ], [ 31.5628175, -13.4488562 ], [ 31.5652446, -13.4468575 ], [ 31.5658157, -13.4444304 ], [ 31.5646735, -13.4422889 ], [ 31.5615326, -13.4405757 ], [ 31.5601763, -13.4407185 ], [ 31.5596767, -13.4422175 ], [ 31.55882, -13.4438594 ], [ 31.5568213, -13.4434311 ], [ 31.5566071, -13.4417179 ], [ 31.5566785, -13.4388625 ], [ 31.5573924, -13.4357216 ], [ 31.5575351, -13.4320097 ], [ 31.5566071, -13.4291543 ], [ 31.5542515, -13.428726 ], [ 31.5516817, -13.4286546 ], [ 31.5485408, -13.4284405 ], [ 31.5461137, -13.4290829 ], [ 31.5447574, -13.4310103 ], [ 31.5424731, -13.4312958 ], [ 31.5372555, -13.4323514 ], [ 31.5381896, -13.4308835 ], [ 31.5396886, -13.4293131 ], [ 31.5393317, -13.4273286 ], [ 31.53976, -13.4257582 ], [ 31.5411163, -13.4248302 ], [ 31.542544, -13.424616 ], [ 31.5444, -13.4244733 ], [ 31.5459704, -13.4228314 ], [ 31.547755, -13.4208327 ], [ 31.5496824, -13.417906 ], [ 31.5511814, -13.4142654 ], [ 31.5503248, -13.4129805 ], [ 31.5483261, -13.4114814 ], [ 31.5487544, -13.4102679 ], [ 31.5498965, -13.4090544 ], [ 31.5502534, -13.4074839 ], [ 31.551467, -13.4074125 ], [ 31.5527947, -13.407127 ], [ 31.5540796, -13.4066273 ], [ 31.555079, -13.4056279 ], [ 31.556007, -13.404343 ], [ 31.5575774, -13.4036292 ], [ 31.559362, -13.4030581 ], [ 31.5608611, -13.4029154 ], [ 31.5632881, -13.401916 ], [ 31.5655724, -13.400988 ], [ 31.5688561, -13.3984896 ], [ 31.5709976, -13.3964194 ], [ 31.5704979, -13.3945634 ], [ 31.5709976, -13.3922078 ], [ 31.5727108, -13.3899235 ], [ 31.5743526, -13.3883531 ], [ 31.5756375, -13.3852836 ], [ 31.5759945, -13.3822854 ], [ 31.5777791, -13.3812147 ], [ 31.5809913, -13.3782879 ], [ 31.5846319, -13.3760037 ], [ 31.5869876, -13.3761464 ], [ 31.5902712, -13.3762178 ], [ 31.5948398, -13.376432 ], [ 31.5990514, -13.3767889 ], [ 31.6007646, -13.3772886 ], [ 31.6046908, -13.3777883 ], [ 31.6087596, -13.3778596 ], [ 31.6151199, -13.3775741 ], [ 31.6171187, -13.3775027 ], [ 31.6189747, -13.3775027 ], [ 31.619974, -13.3780738 ], [ 31.6215445, -13.3768603 ], [ 31.6221869, -13.3750757 ], [ 31.62183, -13.3720062 ], [ 31.619974, -13.3690794 ], [ 31.6179753, -13.3657244 ], [ 31.6164762, -13.362869 ], [ 31.6182608, -13.3610844 ], [ 31.6203309, -13.3594426 ], [ 31.6224011, -13.3566586 ], [ 31.625542, -13.3557307 ], [ 31.6285401, -13.3553024 ], [ 31.6333942, -13.3533179 ], [ 31.6353216, -13.3526754 ], [ 31.6376058, -13.3512477 ], [ 31.641175, -13.3496773 ], [ 31.6435307, -13.3468219 ], [ 31.6443873, -13.3443235 ], [ 31.6443159, -13.3418965 ], [ 31.6424599, -13.3373993 ], [ 31.6406753, -13.3356861 ], [ 31.6376772, -13.3331163 ], [ 31.6364637, -13.3298326 ], [ 31.6358212, -13.3271914 ], [ 31.6357499, -13.3239791 ], [ 31.6378914, -13.3214807 ], [ 31.6393904, -13.3211952 ], [ 31.6416033, -13.3215521 ], [ 31.6438162, -13.3221232 ], [ 31.6474568, -13.3226228 ], [ 31.6504549, -13.3226228 ], [ 31.6520968, -13.3216235 ], [ 31.6538814, -13.320053 ], [ 31.6550949, -13.3190536 ], [ 31.6577361, -13.3178401 ], [ 31.6597348, -13.3161269 ], [ 31.6609484, -13.3137712 ], [ 31.6615908, -13.3110587 ], [ 31.6613053, -13.308703 ], [ 31.6602345, -13.3065615 ], [ 31.66052, -13.3043486 ], [ 31.6603059, -13.3020643 ], [ 31.6595635, -13.3013933 ], [ 31.6573506, -13.3005367 ], [ 31.6538528, -13.3002511 ], [ 31.6514257, -13.2997514 ], [ 31.6492842, -13.2993945 ], [ 31.6479993, -13.2974672 ], [ 31.648499, -13.2947546 ], [ 31.6504978, -13.2935411 ], [ 31.6545666, -13.2911854 ], [ 31.6576361, -13.2893294 ], [ 31.659278, -13.2875448 ], [ 31.660777, -13.2842612 ], [ 31.6622047, -13.2805492 ], [ 31.6618478, -13.2762662 ], [ 31.6604201, -13.2721259 ], [ 31.6588497, -13.2683426 ], [ 31.6559943, -13.2641309 ], [ 31.6528534, -13.2594196 ], [ 31.6506405, -13.2560645 ], [ 31.6494984, -13.2534947 ], [ 31.6488559, -13.2491118 ], [ 31.6484276, -13.2463992 ], [ 31.6482135, -13.24283 ], [ 31.6485704, -13.2369765 ], [ 31.6497839, -13.2326935 ], [ 31.6524965, -13.2294812 ], [ 31.6552805, -13.2282677 ], [ 31.6572792, -13.2282677 ], [ 31.6603487, -13.2282677 ], [ 31.6646318, -13.227768 ], [ 31.6675585, -13.22684 ], [ 31.6699142, -13.2251268 ], [ 31.672484, -13.2231994 ], [ 31.6766242, -13.2192019 ], [ 31.6791227, -13.2161324 ], [ 31.6814783, -13.2131343 ], [ 31.6857614, -13.2088513 ], [ 31.6874032, -13.208423 ], [ 31.689045, -13.2085657 ], [ 31.6910438, -13.2090654 ], [ 31.6933281, -13.2089227 ], [ 31.6955409, -13.2087085 ], [ 31.6969686, -13.2075664 ], [ 31.6986105, -13.2062101 ], [ 31.700752, -13.2042827 ], [ 31.7023224, -13.203212 ], [ 31.7039642, -13.2018557 ], [ 31.7052491, -13.2009991 ], [ 31.7070337, -13.1995714 ], [ 31.7088326, -13.1967589 ], [ 31.7099748, -13.1959736 ], [ 31.7127587, -13.194189 ], [ 31.7152572, -13.1935466 ], [ 31.7171845, -13.1921903 ], [ 31.718755, -13.1904771 ], [ 31.7210393, -13.1879073 ], [ 31.7228952, -13.1857658 ], [ 31.7235377, -13.1831959 ], [ 31.7244657, -13.1779849 ], [ 31.7251795, -13.1737019 ], [ 31.7261789, -13.1702755 ], [ 31.7272496, -13.1685622 ], [ 31.7295339, -13.1678484 ], [ 31.7328176, -13.1666349 ], [ 31.7356016, -13.1658497 ], [ 31.7373148, -13.1645648 ], [ 31.7397418, -13.1627088 ], [ 31.7398846, -13.1607814 ], [ 31.739028, -13.1606387 ], [ 31.7384569, -13.1622805 ], [ 31.7371006, -13.1629229 ], [ 31.7364582, -13.1629943 ], [ 31.7357443, -13.1605673 ], [ 31.7365296, -13.1583544 ], [ 31.7366009, -13.1558559 ], [ 31.7363868, -13.153072 ], [ 31.7361012, -13.1497169 ], [ 31.7372934, -13.1443346 ], [ 31.7377217, -13.1427641 ], [ 31.7375789, -13.1399088 ], [ 31.7371506, -13.1380528 ], [ 31.7362226, -13.1361254 ], [ 31.7346521, -13.1343408 ], [ 31.7341525, -13.1316996 ], [ 31.7322965, -13.1283446 ], [ 31.7306547, -13.1255606 ], [ 31.7309402, -13.1231336 ], [ 31.7319396, -13.1199927 ], [ 31.7340811, -13.1182081 ], [ 31.736294, -13.1168518 ], [ 31.7397204, -13.116138 ], [ 31.7436465, -13.116138 ], [ 31.7457166, -13.1165663 ], [ 31.747644, -13.1164949 ], [ 31.7497855, -13.1160666 ], [ 31.7517843, -13.1149244 ], [ 31.7534975, -13.1132826 ], [ 31.7542827, -13.1106414 ], [ 31.7539258, -13.108714 ], [ 31.7516415, -13.1074291 ], [ 31.7489289, -13.1060729 ], [ 31.7457166, -13.1046452 ], [ 31.7415764, -13.1016471 ], [ 31.7407198, -13.0988631 ], [ 31.7411481, -13.0969357 ], [ 31.7420047, -13.0952225 ], [ 31.7435751, -13.0931524 ], [ 31.745217, -13.092153 ], [ 31.7488575, -13.0911536 ], [ 31.7517843, -13.091225 ], [ 31.7542827, -13.0919389 ], [ 31.7566384, -13.093081 ], [ 31.7582802, -13.0947942 ], [ 31.7599934, -13.0975068 ], [ 31.7619922, -13.1015043 ], [ 31.7630629, -13.104431 ], [ 31.7624205, -13.1071436 ], [ 31.7614925, -13.1094279 ], [ 31.7613497, -13.1111411 ], [ 31.7616352, -13.1127829 ], [ 31.7630629, -13.1142106 ], [ 31.7651331, -13.1152814 ], [ 31.7673459, -13.1152814 ], [ 31.7692733, -13.1140678 ], [ 31.770701, -13.111498 ], [ 31.7718431, -13.1089996 ], [ 31.7730566, -13.1080002 ], [ 31.7748412, -13.1055018 ], [ 31.7769114, -13.1023609 ], [ 31.7788459, -13.1004764 ], [ 31.7812016, -13.0992628 ], [ 31.7840569, -13.0986918 ], [ 31.787983, -13.0984062 ], [ 31.7904101, -13.0987632 ], [ 31.7924088, -13.0994056 ], [ 31.7947645, -13.1006191 ], [ 31.7966918, -13.1016899 ], [ 31.7991189, -13.1024037 ], [ 31.8009749, -13.1029748 ], [ 31.8028309, -13.1031176 ], [ 31.8040444, -13.1034745 ], [ 31.805829, -13.1041169 ], [ 31.8084702, -13.1043311 ], [ 31.8105403, -13.1034031 ], [ 31.8120394, -13.1022609 ], [ 31.8123249, -13.1007619 ], [ 31.8120394, -13.0986918 ], [ 31.8112541, -13.0955509 ], [ 31.8111114, -13.0927669 ], [ 31.8113255, -13.0891263 ], [ 31.8106117, -13.0856999 ], [ 31.81061170000001, -13.0827018 ], [ 31.8100406, -13.0802034 ], [ 31.8090412, -13.0771338 ], [ 31.8087557, -13.0757776 ], [ 31.8097551, -13.0753492 ], [ 31.8103975, -13.0743499 ], [ 31.8123963, -13.0739929 ], [ 31.8141809, -13.0739929 ], [ 31.8157513, -13.0746354 ], [ 31.8173931, -13.0749209 ], [ 31.8188922, -13.075492 ], [ 31.8208196, -13.0759917 ], [ 31.8228183, -13.0759917 ], [ 31.8239605, -13.0754206 ], [ 31.8251026, -13.0752065 ], [ 31.826102, -13.075492 ], [ 31.8282435, -13.0762772 ], [ 31.8300281, -13.0772766 ], [ 31.8320268, -13.0779904 ], [ 31.83374, -13.078276 ], [ 31.8357388, -13.0777763 ], [ 31.8380231, -13.0771338 ], [ 31.8395935, -13.07642 ], [ 31.8410926, -13.0752779 ], [ 31.8417493, -13.0738645 ], [ 31.8428201, -13.0721512 ], [ 31.8440336, -13.0691531 ], [ 31.8445333, -13.0649415 ], [ 31.8451757, -13.0623717 ], [ 31.8466034, -13.0597305 ], [ 31.8486735, -13.0573034 ], [ 31.8509578, -13.0564468 ], [ 31.8548126, -13.0547336 ], [ 31.8578821, -13.0542339 ], [ 31.8608802, -13.0535915 ], [ 31.8633072, -13.0526635 ], [ 31.8661626, -13.0509503 ], [ 31.8678758, -13.0490943 ], [ 31.8678044, -13.0481663 ], [ 31.8673761, -13.04681 ], [ 31.8656629, -13.044026 ], [ 31.8635928, -13.042527 ], [ 31.86345, -13.0405282 ], [ 31.8628075, -13.0382439 ], [ 31.8636641, -13.0357455 ], [ 31.8649491, -13.0334612 ], [ 31.8650204, -13.0314625 ], [ 31.8645921, -13.0295351 ], [ 31.8635214, -13.0263228 ], [ 31.8638783, -13.0241099 ], [ 31.865306, -13.0225395 ], [ 31.8664481, -13.022254 ], [ 31.8681613, -13.0232533 ], [ 31.8689466, -13.0248238 ], [ 31.8694462, -13.0268225 ], [ 31.8693749, -13.0284644 ], [ 31.8683755, -13.0305345 ], [ 31.8674475, -13.0336754 ], [ 31.8670192, -13.0372446 ], [ 31.8675189, -13.0393147 ], [ 31.8689466, -13.0412421 ], [ 31.8704456, -13.0427411 ], [ 31.872944, -13.0435977 ], [ 31.8757994, -13.0450254 ], [ 31.8790117, -13.0446685 ], [ 31.881867, -13.0423842 ], [ 31.8822239, -13.0395288 ], [ 31.8815101, -13.0379584 ], [ 31.8817243, -13.0343892 ], [ 31.8832233, -13.0323905 ], [ 31.884651, -13.0297493 ], [ 31.8865784, -13.0268939 ], [ 31.8881488, -13.0251807 ], [ 31.8904331, -13.0241099 ], [ 31.8924318, -13.0218257 ], [ 31.8924056, -13.0212227 ], [ 31.8960621, -13.0223265 ], [ 31.9001309, -13.0233259 ], [ 31.90163, -13.023897 ], [ 31.9035574, -13.0256815 ], [ 31.9046995, -13.0278231 ], [ 31.9064127, -13.0297504 ], [ 31.9090539, -13.0301787 ], [ 31.9108385, -13.0294649 ], [ 31.9115523, -13.0274661 ], [ 31.9115523, -13.0249677 ], [ 31.9119806, -13.0186859 ], [ 31.9119806, -13.0159733 ], [ 31.9113382, -13.0139032 ], [ 31.9102674, -13.0124042 ], [ 31.9089825, -13.0109051 ], [ 31.9089621, -13.0106908 ], [ 31.9088398, -13.009406 ], [ 31.9109099, -13.0083353 ], [ 31.9117665, -13.0073359 ], [ 31.9123376, -13.0066934 ], [ 31.9151215, -13.0059082 ], [ 31.917263, -13.0046947 ], [ 31.9184052, -13.0036953 ], [ 31.9184052, -13.0019107 ], [ 31.9194759, -13.0009114 ], [ 31.9205467, -12.9993409 ], [ 31.9226168, -12.9988412 ], [ 31.924687, -12.9990554 ], [ 31.9259719, -12.9981988 ], [ 31.9269712, -12.9982702 ], [ 31.9285417, -12.9976277 ], [ 31.9293983, -12.9965569 ], [ 31.9299694, -12.9951293 ], [ 31.9310401, -12.9949151 ], [ 31.9322537, -12.995629 ], [ 31.9326106, -12.9947723 ], [ 31.9329675, -12.9934161 ], [ 31.9346093, -12.9932733 ], [ 31.9363939, -12.9932019 ], [ 31.9375361, -12.9920598 ], [ 31.93824990000001, -12.990061 ], [ 31.9375361, -12.9884906 ], [ 31.9372505, -12.9877054 ], [ 31.9366794, -12.9863491 ], [ 31.9366081, -12.9852069 ], [ 31.9377502, -12.9842789 ], [ 31.9363939, -12.9834937 ], [ 31.9348949, -12.9827799 ], [ 31.9335386, -12.9822088 ], [ 31.9343952, -12.9808525 ], [ 31.9348235, -12.9796961 ], [ 31.9341096, -12.9782684 ], [ 31.9335386, -12.9769835 ], [ 31.9333458, -12.9751561 ], [ 31.9334886, -12.9738712 ], [ 31.9337741, -12.972729 ], [ 31.935416, -12.9725149 ], [ 31.9370578, -12.9717296 ], [ 31.9381999, -12.9700164 ], [ 31.9399131, -12.969374 ], [ 31.9422688, -12.9697309 ], [ 31.9439106, -12.9715155 ], [ 31.9447672, -12.9730146 ], [ 31.9455525, -12.974585 ], [ 31.9471229, -12.9757985 ], [ 31.9490503, -12.9760127 ], [ 31.9503352, -12.9737284 ], [ 31.9509062, -12.9715155 ], [ 31.9514059, -12.9700164 ], [ 31.9528336, -12.9688029 ], [ 31.9551179, -12.9687315 ], [ 31.9579019, -12.9688029 ], [ 31.9596151, -12.9697309 ], [ 31.9609714, -12.9705875 ], [ 31.9625418, -12.9702306 ], [ 31.9643978, -12.9703734 ], [ 31.9646119, -12.9737998 ], [ 31.9641123, -12.9777259 ], [ 31.9641123, -12.9801529 ], [ 31.9643264, -12.9827228 ], [ 31.9653972, -12.9839363 ], [ 31.9666107, -12.9840077 ], [ 31.9680384, -12.9851498 ], [ 31.9691091, -12.9870772 ], [ 31.9706082, -12.9886476 ], [ 31.9726783, -12.9910033 ], [ 31.9740346, -12.9920027 ], [ 31.9754623, -12.9945011 ], [ 31.9763189, -12.9961429 ], [ 31.9781749, -12.9974992 ], [ 31.9807447, -12.9989269 ], [ 31.9837428, -13.0001404 ], [ 31.9855274, -13.0008543 ], [ 31.9868837, -13.0018536 ], [ 31.9873834, -13.0035668 ], [ 31.9870265, -13.005637 ], [ 31.9880258, -13.0079213 ], [ 31.989168, -13.0099914 ], [ 31.9899532, -13.0112049 ], [ 31.9901674, -13.0129895 ], [ 31.9916664, -13.0146313 ], [ 31.9945218, -13.0145599 ], [ 31.9958781, -13.0157021 ], [ 32.00191, -13.019 ], [ 32.005265, -13.0195711 ], [ 32.0081204, -13.0188573 ], [ 32.0113327, -13.0188573 ], [ 32.0136883, -13.0192142 ], [ 32.0166151, -13.0180006 ], [ 32.0206126, -13.0152881 ], [ 32.0234679, -13.0134321 ], [ 32.0265374, -13.0136462 ], [ 32.0352677, -13.0096487 ], [ 32.0376233, -13.0088635 ], [ 32.0403359, -13.0077928 ], [ 32.041835, -13.0068648 ], [ 32.0456183, -13.0075786 ], [ 32.0493303, -13.0077214 ], [ 32.0535419, -13.0078641 ], [ 32.0561117, -13.0077214 ], [ 32.0593954, -13.0075786 ], [ 32.068247, -13.0089349 ], [ 32.0723872, -13.0090063 ], [ 32.0753854, -13.0085066 ], [ 32.0783121, -13.0071503 ], [ 32.0832814, -13.0059917 ], [ 32.0838229, -13.0058654 ], [ 32.0874635, -13.005794 ], [ 32.0906044, -13.0053657 ], [ 32.0931742, -13.0045091 ], [ 32.0958154, -13.0045805 ], [ 32.098528, -13.0047946 ], [ 32.1010978, -13.0055085 ], [ 32.1032393, -13.0062937 ], [ 32.1063088, -13.0077214 ], [ 32.109307, -13.0081497 ], [ 32.112019499999988, -13.0094346 ], [ 32.1155174, -13.0120044 ], [ 32.117302, -13.0144315 ], [ 32.1194435, -13.0153594 ], [ 32.1221561, -13.0157164 ], [ 32.1246545, -13.0154308 ], [ 32.1259394, -13.014717 ], [ 32.1283714, -13.0159018 ], [ 32.1273437, -13.0128377 ], [ 32.1224209, -13.0063529 ], [ 32.1055209, -12.9840908 ], [ 32.092658899999989, -12.9671479 ], [ 32.0923688, -12.9670995 ], [ 32.0845488, -12.9566207 ], [ 32.0831412, -12.9553695 ], [ 32.0768215, -12.9477332 ], [ 32.0767381, -12.9477895 ], [ 32.074814, -12.9454804 ], [ 32.0745498, -12.9445822 ], [ 32.0674826, -12.9345618 ], [ 32.0579661, -12.9210687 ], [ 32.0351606, -12.8887333 ], [ 32.031784, -12.8852246 ], [ 32.0293371, -12.8829799 ], [ 32.0268862, -12.8813651 ], [ 32.022334, -12.8784807 ], [ 32.0199397, -12.8772096 ], [ 32.016613, -12.8751325 ], [ 32.0122215, -12.8746537 ], [ 32.0064963, -12.8719925 ], [ 32.0061327, -12.8719976 ], [ 32.006339, -12.8710487 ], [ 32.0069101, -12.8689072 ], [ 32.0067673, -12.8666943 ], [ 32.0064104, -12.8650525 ], [ 32.004483, -12.8635392 ], [ 32.0030554, -12.8624684 ], [ 32.0013421, -12.861469 ], [ 31.997416, -12.859042 ], [ 31.9953459, -12.8577571 ], [ 31.9929902, -12.8566863 ], [ 31.9909201, -12.8565435 ], [ 31.9892783, -12.856258 ], [ 31.9877792, -12.8555442 ], [ 31.9866371, -12.8527602 ], [ 31.9874937, -12.8521177 ], [ 31.9890641, -12.8512611 ], [ 31.9902776, -12.8515467 ], [ 31.9918481, -12.8524747 ], [ 31.994061, -12.8536168 ], [ 31.9961311, -12.8543306 ], [ 31.9989151, -12.8541879 ], [ 32.0002714, -12.8534027 ], [ 32.002627, -12.8509042 ], [ 32.0045544, -12.8478347 ], [ 32.0051969, -12.8463357 ], [ 32.0058393, -12.8431234 ], [ 32.0065531, -12.8410532 ], [ 32.0066245, -12.8389117 ], [ 32.0064104, -12.835985 ], [ 32.0069815, -12.8347715 ], [ 32.0074098, -12.8336293 ], [ 32.0075525, -12.8324872 ], [ 32.0082664, -12.8318447 ], [ 32.0091944, -12.831702 ], [ 32.0107648, -12.8309881 ], [ 32.0123352, -12.8305598 ], [ 32.0136915, -12.8311309 ], [ 32.0150478, -12.8315592 ], [ 32.0180459, -12.8315592 ], [ 32.0206158, -12.8307026 ], [ 32.0226145, -12.8294891 ], [ 32.0241136, -12.8272762 ], [ 32.024185, -12.8255629 ], [ 32.0240422, -12.824635 ], [ 32.0227573, -12.8228504 ], [ 32.0215438, -12.8198522 ], [ 32.0209013, -12.817568 ], [ 32.0211155, -12.8144985 ], [ 32.0228287, -12.8130708 ], [ 32.0259696, -12.8113576 ], [ 32.0295602, -12.8092161 ], [ 32.0316303, -12.8077884 ], [ 32.0342001, -12.8047189 ], [ 32.0344143, -12.8026487 ], [ 32.033986, -12.8008642 ], [ 32.0320586, -12.7990796 ], [ 32.0322014, -12.7975805 ], [ 32.0317017, -12.79601 ], [ 32.0318444, -12.7933689 ], [ 32.0323441, -12.7912273 ], [ 32.0348426, -12.7902993 ], [ 32.0369127, -12.7900852 ], [ 32.0385545, -12.7903707 ], [ 32.0405533, -12.7910846 ], [ 32.0437655, -12.7936544 ], [ 32.0454074, -12.7955817 ], [ 32.0467637, -12.7970094 ], [ 32.0486196, -12.7988654 ], [ 32.0501901, -12.8002931 ], [ 32.0526885, -12.8017208 ], [ 32.0538307, -12.8020063 ], [ 32.0554011, -12.8025774 ], [ 32.0569716, -12.802506 ], [ 32.058542, -12.8017208 ], [ 32.0598983, -12.8005786 ], [ 32.0602552, -12.7982229 ], [ 32.0601838, -12.7961528 ], [ 32.0591845, -12.7947965 ], [ 32.057614, -12.7937972 ], [ 32.0554725, -12.7927978 ], [ 32.0529741, -12.7922267 ], [ 32.0510467, -12.7912987 ], [ 32.0488338, -12.7894427 ], [ 32.0476203, -12.78703 ], [ 32.0474061, -12.7854595 ], [ 32.0474061, -12.7834608 ], [ 32.0484769, -12.7807482 ], [ 32.0501901, -12.7791777 ], [ 32.052403, -12.7787494 ], [ 32.0546159, -12.778107 ], [ 32.0559008, -12.7772504 ], [ 32.0569002, -12.7761796 ], [ 32.0570429, -12.7742523 ], [ 32.0567574, -12.7721107 ], [ 32.0569716, -12.7708972 ], [ 32.0573999, -12.7693268 ], [ 32.0592558, -12.7670425 ], [ 32.0605407, -12.7662573 ], [ 32.0621112, -12.7666856 ], [ 32.063753, -12.7676136 ], [ 32.0662514, -12.7689699 ], [ 32.0690354, -12.7706117 ], [ 32.0713911, -12.77104 ], [ 32.0733898, -12.7709686 ], [ 32.0755314, -12.7701834 ], [ 32.0770304, -12.769184 ], [ 32.0781726, -12.7676849 ], [ 32.0781012, -12.7656148 ], [ 32.0776015, -12.7645441 ], [ 32.075388599999989, -12.7631878 ], [ 32.073604, -12.7626881 ], [ 32.0723905, -12.7626881 ], [ 32.0714625, -12.761189 ], [ 32.0718194, -12.7600469 ], [ 32.0729615, -12.7590047 ], [ 32.0742464, -12.7590047 ], [ 32.0751031, -12.760004 ], [ 32.076959, -12.7602896 ], [ 32.077887, -12.7595044 ], [ 32.077887, -12.7582194 ], [ 32.0772446, -12.7574342 ], [ 32.0755314, -12.756649 ], [ 32.0751031, -12.7549358 ], [ 32.0743892, -12.7540078 ], [ 32.0730329, -12.7525087 ], [ 32.072676, -12.7507955 ], [ 32.073604, -12.7502245 ], [ 32.0752458, -12.7494392 ], [ 32.0778156, -12.7490823 ], [ 32.0793147, -12.7487968 ], [ 32.0803854, -12.7475833 ], [ 32.0813134, -12.7457273 ], [ 32.0823128, -12.7433716 ], [ 32.0820987, -12.7418012 ], [ 32.0818845, -12.7403021 ], [ 32.0810279, -12.7398738 ], [ 32.0803854, -12.7379464 ], [ 32.0796716, -12.7370184 ], [ 32.0791719, -12.7360191 ], [ 32.0782439, -12.7355908 ], [ 32.0781012, -12.7333065 ], [ 32.0793147, -12.7318788 ], [ 32.080671, -12.731165 ], [ 32.08217, -12.7303798 ], [ 32.0842402, -12.7299514 ], [ 32.084954, -12.7289521 ], [ 32.0848112, -12.7281669 ], [ 32.0844543, -12.7270961 ], [ 32.0850254, -12.7258112 ], [ 32.0857392, -12.7257398 ], [ 32.0871669, -12.7255257 ], [ 32.0869528, -12.7245977 ], [ 32.0865958, -12.7228131 ], [ 32.085882, -12.7220279 ], [ 32.084954, -12.7210285 ], [ 32.0844543, -12.7187442 ], [ 32.0836691, -12.7167597 ], [ 32.084026, -12.7140471 ], [ 32.0835977, -12.7132619 ], [ 32.0823842, -12.7131192 ], [ 32.08217, -12.7114773 ], [ 32.0822414, -12.7096927 ], [ 32.0836691, -12.708622 ], [ 32.0850968, -12.7079081 ], [ 32.0865958, -12.7074084 ], [ 32.0890943, -12.7066946 ], [ 32.0922352, -12.7051955 ], [ 32.0921638, -12.7044103 ], [ 32.0928776, -12.7035537 ], [ 32.0939484, -12.702483 ], [ 32.0952333, -12.7023402 ], [ 32.0965896, -12.7008411 ], [ 32.0988739, -12.6991279 ], [ 32.0989452, -12.6975575 ], [ 32.0983742, -12.6948449 ], [ 32.0968751, -12.6922751 ], [ 32.0941625, -12.6897766 ], [ 32.0910216, -12.6881348 ], [ 32.089594, -12.6881348 ], [ 32.0887374, -12.6889914 ], [ 32.0876666, -12.6899908 ], [ 32.0854537, -12.6908474 ], [ 32.0840974, -12.691704 ], [ 32.0817417, -12.6931317 ], [ 32.0793147, -12.6934172 ], [ 32.0777442, -12.6927034 ], [ 32.0759596, -12.6908474 ], [ 32.0758826, -12.6906625 ], [ 32.0752458, -12.6891342 ], [ 32.07546, -12.6862788 ], [ 32.0753422, -12.6859255 ], [ 32.0756456, -12.685979 ], [ 32.0764308, -12.6848369 ], [ 32.0782868, -12.6828381 ], [ 32.0810707, -12.6812677 ], [ 32.0840117, -12.678237 ], [ 32.0826055, -12.6771786 ], [ 32.0824469, -12.6763847 ], [ 32.0819978, -12.6760882 ], [ 32.081855, -12.6755171 ], [ 32.0817837, -12.6750174 ], [ 32.081284, -12.6744464 ], [ 32.0807843, -12.6735184 ], [ 32.0804274, -12.672519 ], [ 32.0797135, -12.6717338 ], [ 32.0787855, -12.67102 ], [ 32.0776434, -12.6703061 ], [ 32.076644, -12.6698778 ], [ 32.0759302, -12.6698778 ], [ 32.0748594, -12.669735 ], [ 32.0743597, -12.6693067 ], [ 32.0733604, -12.6684501 ], [ 32.0724324, -12.6679504 ], [ 32.0720755, -12.667308 ], [ 32.0721468, -12.6667369 ], [ 32.0718613, -12.6657375 ], [ 32.071361599999989, -12.6655234 ], [ 32.0699339, -12.6650237 ], [ 32.068863199999988, -12.6648809 ], [ 32.0678638, -12.6645954 ], [ 32.0672214, -12.6641671 ], [ 32.0673641, -12.6635246 ], [ 32.067721, -12.6629536 ], [ 32.0679352, -12.6625967 ], [ 32.067721, -12.6615973 ], [ 32.0677924, -12.6603838 ], [ 32.0675783, -12.6595914 ], [ 32.0675069, -12.6589489 ], [ 32.0664361, -12.6582351 ], [ 32.0653654, -12.658021 ], [ 32.0640805, -12.6574499 ], [ 32.0630811, -12.6566647 ], [ 32.0623673, -12.6554511 ], [ 32.0623673, -12.6540948 ], [ 32.0630811, -12.6531669 ], [ 32.0635808, -12.6525958 ], [ 32.0637235, -12.6513823 ], [ 32.0638663, -12.6501687 ], [ 32.0636522, -12.6493121 ], [ 32.0631525, -12.6492407 ], [ 32.0626528, -12.6498118 ], [ 32.0620103, -12.6503115 ], [ 32.0612251, -12.6508112 ], [ 32.0605113, -12.6513109 ], [ 32.0595833, -12.6514536 ], [ 32.059155, -12.6506684 ], [ 32.0592264, -12.6498832 ], [ 32.0592264, -12.6488838 ], [ 32.0590122, -12.6480986 ], [ 32.0586553, -12.6470992 ], [ 32.0575132, -12.6465282 ], [ 32.0567279, -12.6463854 ], [ 32.0555858, -12.6448863 ], [ 32.0546578, -12.6441725 ], [ 32.0541581, -12.642959 ], [ 32.053587, -12.6415313 ], [ 32.053087399999988, -12.6405319 ], [ 32.0524449, -12.6394612 ], [ 32.0520166, -12.6384618 ], [ 32.0518024, -12.6375338 ], [ 32.0513028, -12.636463 ], [ 32.0503748, -12.635535 ], [ 32.0494385, -12.6333008 ], [ 32.0492554, -12.631897 ], [ 32.0483398, -12.6306763 ], [ 32.0466309, -12.6294556 ], [ 32.0457153, -12.6282349 ], [ 32.046142599999989, -12.6263428 ], [ 32.0452881, -12.6253662 ], [ 32.0439453, -12.6243896 ], [ 32.0426636, -12.6242676 ], [ 32.0411377, -12.6230469 ], [ 32.0397949, -12.6205444 ], [ 32.0389287, -12.6199901 ], [ 32.038269, -12.6195679 ], [ 32.0371704, -12.6188965 ], [ 32.0355835, -12.6193237 ], [ 32.034484899999988, -12.6202393 ], [ 32.032959, -12.6194458 ], [ 32.0310059, -12.6195679 ], [ 32.0318604, -12.6172485 ], [ 32.0321045, -12.6160278 ], [ 32.0303345, -12.6146851 ], [ 32.029235799999988, -12.6156006 ], [ 32.028137199999989, -12.6166992 ], [ 32.0267944, -12.6168823 ], [ 32.0264972, -12.6178796 ], [ 32.0262116, -12.6181651 ], [ 32.0258547, -12.6186648 ], [ 32.0250695, -12.618879 ], [ 32.0235704, -12.618522 ], [ 32.0227852, -12.6173085 ], [ 32.0222141, -12.6167374 ], [ 32.0212861, -12.6165947 ], [ 32.0207864, -12.617023 ], [ 32.0198585, -12.6171657 ], [ 32.0193588, -12.6169516 ], [ 32.0185022, -12.6162378 ], [ 32.0170031, -12.6153098 ], [ 32.0159323, -12.6146673 ], [ 32.0150757, -12.6139535 ], [ 32.0136108, -12.6127319 ], [ 32.0114136, -12.6117554 ], [ 32.0093994, -12.6109619 ], [ 32.0076904, -12.6097412 ], [ 32.0065918, -12.6084595 ], [ 32.0048218, -12.6077881 ], [ 32.003479, -12.6068726 ], [ 32.001709, -12.6052246 ], [ 32.000854499999988, -12.6046753 ], [ 31.9995612, -12.6042739 ], [ 31.9990845, -12.604126 ], [ 31.9973145, -12.6035767 ], [ 31.9966431, -12.602478 ], [ 31.9973145, -12.6008301 ], [ 31.9966431, -12.6000977 ], [ 31.9955444, -12.6005249 ], [ 31.9949341, -12.6008301 ], [ 31.9940186, -12.6010742 ], [ 31.9935913, -12.5999756 ], [ 31.9924927, -12.5995483 ], [ 31.9918213, -12.6002808 ], [ 31.9911499, -12.6002808 ], [ 31.9902954, -12.6000977 ], [ 31.9900513, -12.5987549 ], [ 31.989624, -12.5974121 ], [ 31.9880981, -12.5969849 ], [ 31.98657230000001, -12.5960083 ], [ 31.9849854, -12.5949097 ], [ 31.984375, -12.5935059 ], [ 31.984375, -12.5916138 ], [ 31.9834595, -12.5894165 ], [ 31.982605, -12.5878906 ], [ 31.980835, -12.5857544 ], [ 31.9782104, -12.5838013 ], [ 31.9764404, -12.5824585 ], [ 31.9760132, -12.5810547 ], [ 31.9750977, -12.5795288 ], [ 31.9738159, -12.5778809 ], [ 31.9733276, -12.5769653 ], [ 31.9733276, -12.5761108 ], [ 31.9738159, -12.5748901 ], [ 31.972229, -12.5720215 ], [ 31.9716187, -12.571167 ], [ 31.9713745, -12.5699463 ], [ 31.9711304, -12.5691528 ], [ 31.9700317, -12.567749 ], [ 31.9682617, -12.567749 ], [ 31.9671631, -12.5662842 ], [ 31.9658813, -12.5646362 ], [ 31.9645386, -12.5631104 ], [ 31.9634399, -12.5618896 ], [ 31.9634399, -12.5599365 ], [ 31.9627686, -12.5581665 ], [ 31.9616699, -12.557373 ], [ 31.9598999, -12.5566406 ], [ 31.9588013, -12.5554199 ], [ 31.9577026, -12.5540771 ], [ 31.9572754, -12.5526733 ], [ 31.9570923, -12.5511475 ], [ 31.9559937, -12.5494995 ], [ 31.9553223, -12.5482788 ], [ 31.9542236, -12.5477295 ], [ 31.9517822, -12.5476074 ], [ 31.9504395, -12.546936 ], [ 31.9484863, -12.5457153 ], [ 31.9467163, -12.5444336 ], [ 31.9458618, -12.5418701 ], [ 31.9458618, -12.5404663 ], [ 31.9465332, -12.5383911 ], [ 31.9469604, -12.5357056 ], [ 31.9460449, -12.5341797 ], [ 31.9447632, -12.5336304 ], [ 31.942749, -12.5330811 ], [ 31.9412231, -12.5321045 ], [ 31.9407959, -12.5305786 ], [ 31.940979, -12.5288086 ], [ 31.9416504, -12.5271606 ], [ 31.9425659, -12.5256958 ], [ 31.9434204, -12.5236206 ], [ 31.9429932, -12.5215454 ], [ 31.9421387, -12.5205688 ], [ 31.9405518, -12.5196533 ], [ 31.93969730000001, -12.5180054 ], [ 31.9401245, -12.5167847 ], [ 31.9421387, -12.5145264 ], [ 31.9418945, -12.5130615 ], [ 31.9407959, -12.512207 ], [ 31.93927, -12.512085 ], [ 31.9372559, -12.5123901 ], [ 31.9354858, -12.5127563 ], [ 31.9337769, -12.513855 ], [ 31.9326782, -12.5136108 ], [ 31.9320068, -12.5118408 ], [ 31.9315186, -12.5095215 ], [ 31.9302368, -12.5093384 ], [ 31.9291382, -12.5096436 ], [ 31.9282227, -12.5106812 ], [ 31.9276123, -12.512207 ], [ 31.9255981, -12.5136108 ], [ 31.9234009, -12.5133057 ], [ 31.9227295, -12.5111084 ], [ 31.9223022, -12.5089111 ], [ 31.9221123, -12.5085449 ], [ 31.923237, -12.5060084 ], [ 31.9295153, -12.414692 ], [ 31.8717373, -12.3861878 ] ] ] } },
{ "type": "Feature", "properties": { "NAME": "North Luangwa", "globalid": 2 }, "geometry": { "type": "Polygon", "coordinates": [ [ [ 32.3031006, -11.4494019 ], [ 32.3031006, -11.4484863 ], [ 32.3018799, -11.447876 ], [ 32.3007202, -11.4486084 ], [ 32.2999268, -11.4500122 ], [ 32.2977295, -11.4514771 ], [ 32.2963257, -11.4512939 ], [ 32.295105, -11.4508057 ], [ 32.2946777, -11.4501953 ], [ 32.2954712, -11.4490967 ], [ 32.2946777, -11.4483032 ], [ 32.2935181, -11.4481812 ], [ 32.2930908, -11.4492798 ], [ 32.291687, -11.4498901 ], [ 32.2908936, -11.4500122 ], [ 32.2902832, -11.4494019 ], [ 32.289306599999989, -11.4487915 ], [ 32.2879028, -11.4509277 ], [ 32.2869263, -11.4514771 ], [ 32.2858887, -11.4506836 ], [ 32.284484899999988, -11.4498901 ], [ 32.2833252, -11.4500122 ], [ 32.281311, -11.4517822 ], [ 32.2808838, -11.4530029 ], [ 32.2802734, -11.454895 ], [ 32.27948, -11.4567871 ], [ 32.2792969, -11.4580078 ], [ 32.2780762, -11.4591064 ], [ 32.2770996, -11.4603271 ], [ 32.2753296, -11.4598999 ], [ 32.2730713, -11.460083 ], [ 32.2713013, -11.4608154 ], [ 32.2697144, -11.461792 ], [ 32.2681274, -11.4625854 ], [ 32.2664795, -11.4641113 ], [ 32.2642822, -11.4658203 ], [ 32.2626953, -11.4661865 ], [ 32.2617188, -11.4655762 ], [ 32.2598877, -11.4655762 ], [ 32.2592773, -11.4647827 ], [ 32.2584839, -11.4628906 ], [ 32.2570801, -11.4614868 ], [ 32.2542725, -11.4622803 ], [ 32.2529297, -11.4627075 ], [ 32.251709, -11.4624023 ], [ 32.2501221, -11.4616089 ], [ 32.2489014, -11.4619751 ], [ 32.2473145, -11.4627075 ], [ 32.2459106, -11.4638062 ], [ 32.244873, -11.4639893 ], [ 32.2438965, -11.4631958 ], [ 32.2426758, -11.4622803 ], [ 32.2409058, -11.4619141 ], [ 32.2401123, -11.4630127 ], [ 32.2393188, -11.4642944 ], [ 32.237915, -11.4647827 ], [ 32.2368774, -11.4656982 ], [ 32.2354736, -11.4666748 ], [ 32.2344971, -11.4666138 ], [ 32.2332764, -11.4650879 ], [ 32.2315063, -11.4630127 ], [ 32.2305298, -11.4609985 ], [ 32.2294922, -11.4603882 ], [ 32.2269287, -11.4589844 ], [ 32.2258911, -11.4578857 ], [ 32.2260742, -11.4570923 ], [ 32.227722199999988, -11.4555054 ], [ 32.2285156, -11.453186 ], [ 32.2280884, -11.4523926 ], [ 32.2269287, -11.4509277 ], [ 32.2255249, -11.449585 ], [ 32.223877, -11.4489746 ], [ 32.222669, -11.4502877 ], [ 32.2225106, -11.4504598 ], [ 32.2224731, -11.4505005 ], [ 32.2208862, -11.4515991 ], [ 32.2194824, -11.4515991 ], [ 32.2191201, -11.4528672 ], [ 32.2190702, -11.4541703 ], [ 32.2179214, -11.455118 ], [ 32.2179214, -11.4596631 ], [ 32.2168306, -11.4612539 ], [ 32.2143762, -11.461163 ], [ 32.215467, -11.4647537 ], [ 32.215467, -11.4667536 ], [ 32.214558, -11.4684353 ], [ 32.2117855, -11.4684807 ], [ 32.2107401, -11.4684807 ], [ 32.2067404, -11.4687989 ], [ 32.205376799999989, -11.4694807 ], [ 32.204286, -11.4708442 ], [ 32.2019225, -11.4739803 ], [ 32.200559, -11.4757075 ], [ 32.1989227, -11.4769801 ], [ 32.19865, -11.4774347 ], [ 32.1975137, -11.4780255 ], [ 32.1972864, -11.4781164 ], [ 32.1921959, -11.4776619 ], [ 32.1891961, -11.4785255 ], [ 32.1888325, -11.4792073 ], [ 32.1886052, -11.480889 ], [ 32.1879234, -11.4821616 ], [ 32.1866054, -11.4826616 ], [ 32.1858781, -11.4829343 ], [ 32.1833783, -11.4829343 ], [ 32.1826056, -11.4825707 ], [ 32.1816966, -11.4816616 ], [ 32.1813784, -11.4800708 ], [ 32.1798785, -11.4786164 ], [ 32.1776969, -11.4791618 ], [ 32.1748334, -11.4788891 ], [ 32.1712882, -11.4769801 ], [ 32.1658795, -11.4786618 ], [ 32.1639705, -11.4805708 ], [ 32.1615161, -11.4823434 ], [ 32.1550166, -11.484616 ], [ 32.1521531, -11.486025 ], [ 32.1506987, -11.4867522 ], [ 32.1501078, -11.4872976 ], [ 32.1441082, -11.488843 ], [ 32.1352452, -11.4908883 ], [ 32.1328817, -11.4926155 ], [ 32.1290183, -11.4935245 ], [ 32.128882, -11.4932518 ], [ 32.126973, -11.4919337 ], [ 32.1243823, -11.4907974 ], [ 32.1159255, -11.4889249 ], [ 32.1089636, -11.4876361 ], [ 32.1014157, -11.4907099 ], [ 32.096489399999989, -11.4934073 ], [ 32.090063, -11.4929142 ], [ 32.0880414, -11.4900166 ], [ 32.0840171, -11.4902386 ], [ 32.0785678, -11.4931144 ], [ 32.0747955, -11.4902387 ], [ 32.0693709, -11.4859508 ], [ 32.0648435, -11.4878982 ], [ 32.0575203, -11.4902816 ], [ 32.0506712, -11.4932321 ], [ 32.1022489, -11.5646261 ], [ 32.1029801, -11.567024 ], [ 32.0382012, -11.6310396 ], [ 32.0339685, -11.6332127 ], [ 32.0268387, -11.6370263 ], [ 32.0208672, -11.6401379 ], [ 32.0188535, -11.6423979 ], [ 32.0056097, -11.6473191 ], [ 31.9980966, -11.6485587 ], [ 31.9952468, -11.6493391 ], [ 31.9877183, -11.6493754 ], [ 31.9548458, -11.7255447 ], [ 31.9526149, -11.7290682 ], [ 31.8836669, -11.7956572 ], [ 31.8836759, -11.7956715 ], [ 31.9102359, -11.8375624 ], [ 31.9075143, -11.8437854 ], [ 31.904557, -11.8543668 ], [ 31.9039652, -11.858271 ], [ 31.9009305, -11.8628361 ], [ 31.9008055, -11.8667345 ], [ 31.9002137, -11.8706388 ], [ 31.8977884, -11.877202 ], [ 31.8957421, -11.8814682 ], [ 31.8772262, -11.889435 ], [ 31.866042, -11.8911213 ], [ 31.8588923, -11.8933879 ], [ 31.8521938, -11.8989728 ], [ 31.8490189, -11.9017057 ], [ 31.8483492, -11.9131755 ], [ 31.8485167, -11.9171276 ], [ 31.8436627, -11.920913 ], [ 31.8388701, -11.9249268 ], [ 31.8338906, -11.928026 ], [ 31.8267689, -11.9324699 ], [ 31.8218602, -11.9365425 ], [ 31.8178078, -11.9391144 ], [ 31.8151647, -11.9423565 ], [ 31.8116575, -11.9419417 ], [ 31.8066854, -11.9456139 ], [ 31.803421, -11.9504683 ], [ 31.8007054, -11.9571497 ], [ 31.7976315, -11.9632052 ], [ 31.7968572, -11.9665387 ], [ 31.7954788, -11.9682751 ], [ 31.7936786, -11.9689851 ], [ 31.7899336, -11.9682294 ], [ 31.7854852, -11.9717805 ], [ 31.7857805, -11.9765906 ], [ 31.7871608, -11.9777195 ], [ 31.772674, -11.9868322 ], [ 31.7722494, -11.986666 ], [ 31.770299, -11.9885934 ], [ 31.7748677, -11.9910543 ], [ 31.7781661, -11.9954216 ], [ 31.7816451, -11.9990457 ], [ 31.7851185, -12.0034711 ], [ 32.0454337, -12.2563978 ], [ 32.1750839, -12.2613453 ], [ 32.1773964, -12.2660481 ], [ 32.1774896, -12.2702842 ], [ 32.1752994, -12.2750837 ], [ 32.1748664, -12.2793177 ], [ 32.1763035, -12.2837308 ], [ 32.1754174, -12.28533 ], [ 32.1755739, -12.2887078 ], [ 32.1779559, -12.2914646 ], [ 32.1770066, -12.2939222 ], [ 32.1784271, -12.2971858 ], [ 32.1808748, -12.3028095 ], [ 32.183242, -12.3082565 ], [ 32.1981086, -12.3164995 ], [ 32.203361, -12.3184659 ], [ 32.2051729, -12.3186446 ], [ 32.2084371, -12.3206032 ], [ 32.2121693, -12.3274541 ], [ 32.2123744, -12.3278305 ], [ 32.212692, -12.327968 ], [ 32.217042, -12.3298516 ], [ 32.2191981, -12.3312908 ], [ 32.2206505, -12.3330707 ], [ 32.221515, -12.3345968 ], [ 32.2222316, -12.3356703 ], [ 32.223379799999989, -12.3336156 ], [ 32.2240936, -12.3323307 ], [ 32.2249502, -12.3315454 ], [ 32.2263779, -12.3298322 ], [ 32.2268776, -12.3280476 ], [ 32.2279484, -12.3257634 ], [ 32.2275914, -12.3250495 ], [ 32.2264493, -12.3241215 ], [ 32.2246647, -12.3241929 ], [ 32.2238081, -12.3248354 ], [ 32.2222377, -12.325692 ], [ 32.2208814, -12.3264058 ], [ 32.2200247, -12.3254064 ], [ 32.2190254, -12.3244784 ], [ 32.2185257, -12.3231935 ], [ 32.2188112, -12.3206951 ], [ 32.2193823, -12.3197671 ], [ 32.2200247, -12.3192674 ], [ 32.2211669, -12.3187677 ], [ 32.2223804, -12.3179111 ], [ 32.2230229, -12.3165548 ], [ 32.2238795, -12.3151272 ], [ 32.2245933, -12.3147702 ], [ 32.2259496, -12.3141278 ], [ 32.2275201, -12.3135567 ], [ 32.2270917, -12.3142706 ], [ 32.2280197, -12.3149844 ], [ 32.2297329, -12.3141278 ], [ 32.2311606, -12.313057 ], [ 32.2333735, -12.3119863 ], [ 32.2352295, -12.3109869 ], [ 32.2367999, -12.3094164 ], [ 32.2378707, -12.3080602 ], [ 32.2391556, -12.3062042 ], [ 32.2405833, -12.3042768 ], [ 32.2428676, -12.3023494 ], [ 32.2445808, -12.3004935 ], [ 32.2467937, -12.2994227 ], [ 32.248721, -12.2984947 ], [ 32.2512909, -12.2972812 ], [ 32.2540748, -12.2959963 ], [ 32.255788, -12.2959963 ], [ 32.2572157, -12.2963532 ], [ 32.2592859, -12.2964246 ], [ 32.261356, -12.2964246 ], [ 32.2630692, -12.2963532 ], [ 32.263783, -12.2957821 ], [ 32.2634975, -12.2947828 ], [ 32.2631406, -12.2934979 ], [ 32.2624482, -12.2925413 ], [ 32.2615916, -12.2906139 ], [ 32.2605208, -12.288758 ], [ 32.2604494, -12.2871875 ], [ 32.2616629, -12.2852602 ], [ 32.2627337, -12.2838325 ], [ 32.2638044, -12.2821193 ], [ 32.2635189, -12.2809771 ], [ 32.2642328, -12.2799064 ], [ 32.2635903, -12.2786215 ], [ 32.2630906, -12.2769796 ], [ 32.2629478, -12.2749095 ], [ 32.2625909, -12.2731963 ], [ 32.2625195, -12.2713403 ], [ 32.263162, -12.2696271 ], [ 32.2643041, -12.2680567 ], [ 32.2656604, -12.2673428 ], [ 32.2672309, -12.2668431 ], [ 32.2683016, -12.2672714 ], [ 32.2695152, -12.2686277 ], [ 32.2708714, -12.2700554 ], [ 32.2712997, -12.2715545 ], [ 32.2719422, -12.2735532 ], [ 32.2731557, -12.2741243 ], [ 32.2747262, -12.274624 ], [ 32.2762252, -12.2744812 ], [ 32.2775102, -12.2739101 ], [ 32.2784381, -12.2738388 ], [ 32.2789378, -12.2724825 ], [ 32.2790092, -12.2707692 ], [ 32.2785095, -12.2688419 ], [ 32.2775102, -12.2665576 ], [ 32.277296, -12.2643447 ], [ 32.2767963, -12.2620604 ], [ 32.2773674, -12.2612752 ], [ 32.2777243, -12.2601331 ], [ 32.2775815, -12.2594906 ], [ 32.2767249, -12.2582771 ], [ 32.2767249, -12.2560642 ], [ 32.2767249, -12.253423 ], [ 32.2765822, -12.2512101 ], [ 32.276368, -12.2491399 ], [ 32.2760111, -12.2469271 ], [ 32.2764394, -12.2457849 ], [ 32.2779384, -12.245428 ], [ 32.2787237, -12.245428 ], [ 32.279723, -12.2449283 ], [ 32.2818646, -12.2447142 ], [ 32.2825784, -12.2451424 ], [ 32.2832922, -12.2456421 ], [ 32.2838633, -12.2449283 ], [ 32.2845772, -12.2441431 ], [ 32.2855765, -12.2434292 ], [ 32.2855051, -12.2421443 ], [ 32.2858478, -12.2401884 ], [ 32.2857764, -12.2385466 ], [ 32.2854909, -12.2363337 ], [ 32.2859192, -12.2342636 ], [ 32.2869899, -12.2336211 ], [ 32.2871327, -12.232122 ], [ 32.2871327, -12.2302998 ], [ 32.2871327, -12.2297664 ], [ 32.2861333, -12.2283387 ], [ 32.2859905, -12.2271252 ], [ 32.2861333, -12.2256261 ], [ 32.285705, -12.2239129 ], [ 32.2854909, -12.2217714 ], [ 32.2849198, -12.2201296 ], [ 32.284777, -12.2184877 ], [ 32.2848484, -12.2161321 ], [ 32.2858478, -12.2144902 ], [ 32.2869395, -12.2140092 ], [ 32.2877661, -12.2140018 ], [ 32.2879893, -12.2142047 ], [ 32.2892742, -12.2141333 ], [ 32.2902736, -12.2144902 ], [ 32.2914157, -12.2150613 ], [ 32.2922723, -12.2147758 ], [ 32.2931289, -12.2142761 ], [ 32.294271099999989, -12.2132053 ], [ 32.2951277, -12.2114207 ], [ 32.2951277, -12.2101358 ], [ 32.295556, -12.2090651 ], [ 32.2959129, -12.2076374 ], [ 32.2966981, -12.2062811 ], [ 32.2979117, -12.2052817 ], [ 32.2988396, -12.2037827 ], [ 32.2981972, -12.2030688 ], [ 32.2977689, -12.2022122 ], [ 32.2984827, -12.2013556 ], [ 32.2999104, -12.1993569 ], [ 32.301695, -12.1982147 ], [ 32.3037651, -12.1967157 ], [ 32.3049786, -12.1965729 ], [ 32.3063349, -12.1955021 ], [ 32.3081195, -12.1939317 ], [ 32.3088334, -12.1924326 ], [ 32.308762, -12.1912191 ], [ 32.307834, -12.1902197 ], [ 32.3066205, -12.1890776 ], [ 32.3056925, -12.1890776 ], [ 32.3047645, -12.1897914 ], [ 32.3037651, -12.1908622 ], [ 32.3024088, -12.1918616 ], [ 32.3011953, -12.1921471 ], [ 32.2996962, -12.1920757 ], [ 32.297983, -12.1917188 ], [ 32.2967695, -12.1913619 ], [ 32.2956274, -12.191005 ], [ 32.2941283, -12.1904339 ], [ 32.2925579, -12.18972 ], [ 32.2923883, -12.1892397 ], [ 32.2921296, -12.1885065 ], [ 32.2921296, -12.1873644 ], [ 32.2928434, -12.1868361 ], [ 32.2934145, -12.1857654 ], [ 32.2942711, -12.1843377 ], [ 32.2949849, -12.1828387 ], [ 32.2954846, -12.1812682 ], [ 32.2957701, -12.1799833 ], [ 32.2963412, -12.1784842 ], [ 32.2957701, -12.1775562 ], [ 32.2937714, -12.1761999 ], [ 32.2929862, -12.1749864 ], [ 32.2919154, -12.1742726 ], [ 32.2907019, -12.1744154 ], [ 32.2892742, -12.1739157 ], [ 32.2877038, -12.1732732 ], [ 32.2854909, -12.1718455 ], [ 32.2839204, -12.1702037 ], [ 32.2827783, -12.1687047 ], [ 32.2824927, -12.1669201 ], [ 32.283278, -12.1661348 ], [ 32.283634899999988, -12.1647072 ], [ 32.283991799999988, -12.1627798 ], [ 32.2845629, -12.1614235 ], [ 32.2852053, -12.1595675 ], [ 32.2853481, -12.1579257 ], [ 32.2849912, -12.1567122 ], [ 32.2842773, -12.1562125 ], [ 32.2829924, -12.1557842 ], [ 32.2817789, -12.15557 ], [ 32.2809223, -12.1561411 ], [ 32.2799229, -12.1569977 ], [ 32.2781383, -12.1577115 ], [ 32.2768534, -12.1578543 ], [ 32.2754971, -12.1578543 ], [ 32.2740694, -12.1572832 ], [ 32.2734975, -12.156571 ], [ 32.2734984, -12.1565694 ], [ 32.2733556, -12.1558556 ], [ 32.2726418, -12.1552131 ], [ 32.271571, -12.1539282 ], [ 32.271571, -12.1521436 ], [ 32.2727845, -12.1513584 ], [ 32.2734984, -12.1514298 ], [ 32.2751402, -12.1513584 ], [ 32.2765679, -12.1512156 ], [ 32.2772817, -12.1507159 ], [ 32.2782097, -12.1502876 ], [ 32.2792091, -12.1497879 ], [ 32.2794946, -12.1490313 ], [ 32.2801371, -12.147675 ], [ 32.2809937, -12.1451052 ], [ 32.2812792, -12.143963 ], [ 32.2807795, -12.143035 ], [ 32.2804803, -12.1416886 ], [ 32.2803512, -12.1411077 ], [ 32.2796374, -12.1401083 ], [ 32.2793519, -12.1383951 ], [ 32.2796374, -12.1369674 ], [ 32.2798515, -12.1358253 ], [ 32.2796374, -12.1343262 ], [ 32.2797088, -12.1326844 ], [ 32.279566, -12.1306856 ], [ 32.2791377, -12.1294721 ], [ 32.2790663, -12.12833 ], [ 32.2788522, -12.1266881 ], [ 32.2788522, -12.1260886 ], [ 32.2788281, -12.1259692 ], [ 32.2789161, -12.1252827 ], [ 32.2795642, -12.1236484 ], [ 32.2805223, -12.1218449 ], [ 32.2815368, -12.1202105 ], [ 32.282523, -12.1189143 ], [ 32.2844392, -12.1173926 ], [ 32.2852282, -12.1158991 ], [ 32.2857073, -12.1142647 ], [ 32.2855382, -12.1130249 ], [ 32.2848056, -12.1126304 ], [ 32.2831993, -12.1116723 ], [ 32.2819313, -12.1106296 ], [ 32.2809168, -12.1101788 ], [ 32.2795924, -12.1096997 ], [ 32.2792543, -12.1095025 ], [ 32.2789728, -12.1089748 ], [ 32.2790663, -12.1084139 ], [ 32.2793519, -12.1068434 ], [ 32.2796374, -12.1054157 ], [ 32.2806368, -12.1037739 ], [ 32.2822072, -12.1020607 ], [ 32.283634899999988, -12.1019893 ], [ 32.284777, -12.1022749 ], [ 32.2864189, -12.1022749 ], [ 32.2877751, -12.1020607 ], [ 32.2891314, -12.1010613 ], [ 32.2907733, -12.1004903 ], [ 32.2917726, -12.0988484 ], [ 32.2939142, -12.0979204 ], [ 32.2951277, -12.0978491 ], [ 32.2967695, -12.0977063 ], [ 32.2981972, -12.097278 ], [ 32.2999104, -12.0967069 ], [ 32.300124499999988, -12.0959217 ], [ 32.3001245, -12.0942799 ], [ 32.300767, -12.0933519 ], [ 32.3021947, -12.0929236 ], [ 32.304122, -12.0916387 ], [ 32.3049786, -12.0903538 ], [ 32.3064063, -12.0891402 ], [ 32.3071202, -12.0871415 ], [ 32.3069774, -12.0852855 ], [ 32.3071202, -12.0837864 ], [ 32.307834, -12.0835723 ], [ 32.3093331, -12.0832154 ], [ 32.3107822, -12.0822017 ], [ 32.3111391, -12.081131 ], [ 32.3119957, -12.0796319 ], [ 32.3130664, -12.079275 ], [ 32.3152793, -12.0793464 ], [ 32.3169925, -12.0792036 ], [ 32.3187771, -12.079275 ], [ 32.3193482, -12.0791322 ], [ 32.320419, -12.0794891 ], [ 32.32099, -12.080203 ], [ 32.3214183, -12.0812737 ], [ 32.3224891, -12.0823445 ], [ 32.323774, -12.0832011 ], [ 32.3248448, -12.0824873 ], [ 32.3259869, -12.082059 ], [ 32.3273432, -12.081702 ], [ 32.3284139, -12.0821303 ], [ 32.3301985, -12.0819162 ], [ 32.3314835, -12.0819162 ], [ 32.3320545, -12.0827014 ], [ 32.3334822, -12.0832725 ], [ 32.3343388, -12.0832011 ], [ 32.3339819, -12.0821303 ], [ 32.3343388, -12.0810596 ], [ 32.3350527, -12.0794178 ], [ 32.3357665, -12.0774904 ], [ 32.3363376, -12.0757772 ], [ 32.3371942, -12.0733501 ], [ 32.3374797, -12.07128 ], [ 32.3374083, -12.0700665 ], [ 32.33698, -12.0682105 ], [ 32.3374797, -12.0661404 ], [ 32.3383363, -12.0650696 ], [ 32.3396212, -12.0642844 ], [ 32.3410489, -12.0630709 ], [ 32.3422624, -12.0624998 ], [ 32.3429049, -12.0613577 ], [ 32.3446895, -12.0598586 ], [ 32.3458316, -12.0597158 ], [ 32.347866, -12.0591162 ], [ 32.3486513, -12.0582596 ], [ 32.3495793, -12.0576885 ], [ 32.3490796, -12.0586879 ], [ 32.3501503, -12.058902 ], [ 32.3512211, -12.0582596 ], [ 32.3522205, -12.0571174 ], [ 32.3527915, -12.0557612 ], [ 32.3533626, -12.0543335 ], [ 32.353434, -12.0526203 ], [ 32.3531484, -12.0501932 ], [ 32.3530771, -12.0491938 ], [ 32.3523632, -12.0476948 ], [ 32.3517208, -12.0463385 ], [ 32.3515066, -12.0449108 ], [ 32.3512211, -12.0437687 ], [ 32.3509356, -12.0428407 ], [ 32.3508642, -12.0414844 ], [ 32.3503645, -12.0400567 ], [ 32.3494365, -12.0382007 ], [ 32.3494365, -12.0369158 ], [ 32.3499362, -12.0358451 ], [ 32.351720799999988, -12.0349885 ], [ 32.3522205, -12.0354882 ], [ 32.3532912, -12.0354168 ], [ 32.3542192, -12.0353454 ], [ 32.3552186, -12.0360592 ], [ 32.3560752, -12.0372727 ], [ 32.3562893, -12.0388432 ], [ 32.3569318, -12.0396998 ], [ 32.3580739, -12.0396998 ], [ 32.3589305, -12.038986 ], [ 32.3604296, -12.0383435 ], [ 32.362, -12.0382007 ], [ 32.3629994, -12.0383435 ], [ 32.3642843, -12.0388432 ], [ 32.365712, -12.0392001 ], [ 32.3674966, -12.0396284 ], [ 32.3687101, -12.0393429 ], [ 32.3691384, -12.0381294 ], [ 32.3692098, -12.0372727 ], [ 32.3689957, -12.0354882 ], [ 32.3685674, -12.0336322 ], [ 32.3678535, -12.031562 ], [ 32.3674252, -12.0298488 ], [ 32.3678535, -12.0280642 ], [ 32.3688529, -12.0275645 ], [ 32.369995, -12.0264938 ], [ 32.371208599999989, -12.0257086 ], [ 32.3729932, -12.0254944 ], [ 32.3747064, -12.0255658 ], [ 32.3756344, -12.0265652 ], [ 32.3764196, -12.0279215 ], [ 32.3766337, -12.0292064 ], [ 32.377062, -12.0308482 ], [ 32.377775899999989, -12.0327756 ], [ 32.3786325, -12.0341319 ], [ 32.3799174, -12.0349885 ], [ 32.3805598, -12.0348457 ], [ 32.3811309, -12.0344174 ], [ 32.3819161, -12.034346 ], [ 32.3827727, -12.0337749 ], [ 32.3839149, -12.0325614 ], [ 32.3842004, -12.0314193 ], [ 32.385057, -12.0308482 ], [ 32.3857709, -12.0295633 ], [ 32.3858422, -12.0283498 ], [ 32.3862705, -12.027279 ], [ 32.3864847, -12.025423 ], [ 32.3861278, -12.0234957 ], [ 32.3856281, -12.0226391 ], [ 32.3844146, -12.0213542 ], [ 32.3832724, -12.0209259 ], [ 32.3813451, -12.0207117 ], [ 32.3805598, -12.0197837 ], [ 32.3793463, -12.0190699 ], [ 32.3773476, -12.0174994 ], [ 32.3764196, -12.0162859 ], [ 32.3760627, -12.0145727 ], [ 32.3760627, -12.0125739 ], [ 32.3766337, -12.0113604 ], [ 32.3774189, -12.010718 ], [ 32.3782756, -12.0093617 ], [ 32.378918, -12.0080768 ], [ 32.3799174, -12.0071202 ], [ 32.3804171, -12.0064778 ], [ 32.3806312, -12.005407 ], [ 32.3808454, -12.0039793 ], [ 32.379846, -12.0031941 ], [ 32.3783469, -12.002052 ], [ 32.3772048, -12.0018378 ], [ 32.3756344, -12.0017664 ], [ 32.3747064, -12.0012667 ], [ 32.3741353, -12.0005529 ], [ 32.3737784, -11.9993394 ], [ 32.373707, -11.9978403 ], [ 32.374635, -11.9973406 ], [ 32.3757771, -11.9971979 ], [ 32.3769193, -11.9974834 ], [ 32.3782756, -11.9979117 ], [ 32.3789894, -11.9979831 ], [ 32.3802029, -11.9978403 ], [ 32.3807026, -11.9973406 ], [ 32.3811309, -11.9963413 ], [ 32.3809882, -11.9950564 ], [ 32.380774, -11.9937714 ], [ 32.3804885, -11.9923438 ], [ 32.3799174, -11.9906306 ], [ 32.3796319, -11.9899167 ], [ 32.3794177, -11.9889887 ], [ 32.3795605, -11.9874897 ], [ 32.379846, -11.9866331 ], [ 32.3802743, -11.9852768 ], [ 32.380774, -11.9842774 ], [ 32.3819161, -11.9833494 ], [ 32.383201, -11.9832066 ], [ 32.384129, -11.9833494 ], [ 32.3852712, -11.9839919 ], [ 32.3863419, -11.9850626 ], [ 32.3874841, -11.9862048 ], [ 32.388769, -11.9862048 ], [ 32.390268, -11.9859906 ], [ 32.390268, -11.9852054 ], [ 32.3905536, -11.984206 ], [ 32.3903394, -11.9827069 ], [ 32.3892687, -11.9806368 ], [ 32.387841, -11.979923 ], [ 32.3866275, -11.9787094 ], [ 32.3857709, -11.9772104 ], [ 32.3856281, -11.9749261 ], [ 32.385985, -11.9720708 ], [ 32.3866989, -11.9699292 ], [ 32.3874841, -11.9684302 ], [ 32.3894828, -11.9671453 ], [ 32.3895402, -11.9671902 ], [ 32.389598, -11.9671235 ], [ 32.3906688, -11.9667666 ], [ 32.3918823, -11.9667666 ], [ 32.3932386, -11.9667666 ], [ 32.3944522, -11.9667666 ], [ 32.3959512, -11.9667666 ], [ 32.3971647, -11.9661955 ], [ 32.3983783, -11.9660528 ], [ 32.3995204, -11.9653389 ], [ 32.3997346, -11.9639826 ], [ 32.399234899999989, -11.9629119 ], [ 32.3980927, -11.9615556 ], [ 32.3964509, -11.9604848 ], [ 32.3954515, -11.9591999 ], [ 32.3952374, -11.957915 ], [ 32.3959512, -11.9564159 ], [ 32.3970934, -11.9554166 ], [ 32.3983783, -11.9544886 ], [ 32.3995204, -11.9538461 ], [ 32.4005912, -11.9534178 ], [ 32.4007339, -11.9524184 ], [ 32.4010195, -11.9514904 ], [ 32.4014478, -11.9504911 ], [ 32.4028041, -11.9487065 ], [ 32.403161, -11.9472074 ], [ 32.403732, -11.9455656 ], [ 32.4048742, -11.9448518 ], [ 32.4063019, -11.9445662 ], [ 32.4075154, -11.9445662 ], [ 32.4092286, -11.9451373 ], [ 32.4104421, -11.9459225 ], [ 32.4118698, -11.9472074 ], [ 32.4137258, -11.9477071 ], [ 32.4148679, -11.9473502 ], [ 32.4150821, -11.9462081 ], [ 32.4146538, -11.9449231 ], [ 32.4141541, -11.9439952 ], [ 32.4132261, -11.9431385 ], [ 32.4115843, -11.9422106 ], [ 32.4093714, -11.9407115 ], [ 32.4078723, -11.9396407 ], [ 32.4068729, -11.9389269 ], [ 32.4066588, -11.9369995 ], [ 32.4072299, -11.9355005 ], [ 32.4083006, -11.9353577 ], [ 32.410228, -11.9347153 ], [ 32.4114415, -11.9341442 ], [ 32.4127978, -11.9340728 ], [ 32.4141541, -11.9336445 ], [ 32.4153676, -11.933359 ], [ 32.4167239, -11.9325737 ], [ 32.4177233, -11.9309319 ], [ 32.4180802, -11.9293615 ], [ 32.4177947, -11.9288618 ], [ 32.4165097, -11.9287904 ], [ 32.415439, -11.9289332 ], [ 32.4138686, -11.9292901 ], [ 32.4123695, -11.9295042 ], [ 32.4110846, -11.928719 ], [ 32.4100852, -11.9270772 ], [ 32.4100852, -11.9251498 ], [ 32.410799, -11.9239363 ], [ 32.4120126, -11.9236508 ], [ 32.4139399, -11.9227228 ], [ 32.4159387, -11.9218662 ], [ 32.4168453, -11.9207669 ], [ 32.4164883, -11.9194106 ], [ 32.4162028, -11.918554 ], [ 32.4153462, -11.9171977 ], [ 32.4149893, -11.9161983 ], [ 32.4148465, -11.9147706 ], [ 32.4155604, -11.9134857 ], [ 32.4167025, -11.9122008 ], [ 32.4178446, -11.9119867 ], [ 32.4195578, -11.9119153 ], [ 32.4214852, -11.9117725 ], [ 32.4232698, -11.9121294 ], [ 32.4248402, -11.9121294 ], [ 32.425982399999988, -11.9114156 ], [ 32.4276242, -11.910202 ], [ 32.429623, -11.9084888 ], [ 32.4303368, -11.9063473 ], [ 32.4314789, -11.904063 ], [ 32.4314789, -11.9020643 ], [ 32.4309079, -11.9013504 ], [ 32.4296943, -11.9010649 ], [ 32.4284808, -11.9014218 ], [ 32.4269104, -11.9018501 ], [ 32.4250544, -11.9019929 ], [ 32.4229843, -11.9020643 ], [ 32.421628, -11.9009222 ], [ 32.4210569, -11.8999942 ], [ 32.4207714, -11.8987806 ], [ 32.4199862, -11.896996 ], [ 32.4204144, -11.8952114 ], [ 32.4217707, -11.8942834 ], [ 32.4232698, -11.8943548 ], [ 32.4246975, -11.8949259 ], [ 32.4255541, -11.8947118 ], [ 32.4270532, -11.8953542 ], [ 32.429623, -11.8960681 ], [ 32.43205, -11.8965677 ], [ 32.4341915, -11.8964964 ], [ 32.4349767, -11.8951401 ], [ 32.4345484, -11.8937124 ], [ 32.4333349, -11.8914995 ], [ 32.4319786, -11.8900004 ], [ 32.4306937, -11.8885014 ], [ 32.4299085, -11.8870737 ], [ 32.4293374, -11.8859315 ], [ 32.4284808, -11.885646 ], [ 32.4271245, -11.8845039 ], [ 32.4255541, -11.8829334 ], [ 32.4237695, -11.8816485 ], [ 32.4224846, -11.8814344 ], [ 32.4208427, -11.880435 ], [ 32.419772, -11.8792215 ], [ 32.4187726, -11.8775083 ], [ 32.4192723, -11.8757237 ], [ 32.4205572, -11.8747957 ], [ 32.4223418, -11.8745101 ], [ 32.4246975, -11.8748671 ], [ 32.4252362, -11.8748354 ], [ 32.4252352, -11.874834 ], [ 32.4253639, -11.874834 ], [ 32.4256869, -11.874834 ], [ 32.4258725, -11.8747956 ], [ 32.4258736, -11.8747979 ], [ 32.425911, -11.8747957 ], [ 32.4271959, -11.8746529 ], [ 32.4286236, -11.8749384 ], [ 32.4299799, -11.8757237 ], [ 32.4316217, -11.8760092 ], [ 32.4328352, -11.8747957 ], [ 32.4324783, -11.8742246 ], [ 32.4313362, -11.8738677 ], [ 32.4294802, -11.8737963 ], [ 32.4280525, -11.8732966 ], [ 32.4265535, -11.87244 ], [ 32.4251972, -11.871512 ], [ 32.4250544, -11.8705126 ], [ 32.4242132, -11.869724 ], [ 32.4243406, -11.8687994 ], [ 32.4250258, -11.867486 ], [ 32.4258824, -11.8664152 ], [ 32.4273101, -11.86563 ], [ 32.4292375, -11.8645592 ], [ 32.4307365, -11.8640595 ], [ 32.4318787, -11.8624891 ], [ 32.4320928, -11.8617039 ], [ 32.4323784, -11.8607759 ], [ 32.4328067, -11.8592054 ], [ 32.4330208, -11.8574208 ], [ 32.4336633, -11.8554221 ], [ 32.435091, -11.8554221 ], [ 32.4364473, -11.8550652 ], [ 32.4372325, -11.8544941 ], [ 32.4388743, -11.8546369 ], [ 32.4405875, -11.8551366 ], [ 32.4425149, -11.8552793 ], [ 32.443657, -11.8545655 ], [ 32.4445136, -11.8538517 ], [ 32.4454416, -11.8528523 ], [ 32.4456558, -11.8512818 ], [ 32.4456558, -11.8492831 ], [ 32.4453702, -11.8475699 ], [ 32.4450133, -11.8455711 ], [ 32.444585, -11.8448573 ], [ 32.4431573, -11.8443576 ], [ 32.4424435, -11.8437865 ], [ 32.44123, -11.843501 ], [ 32.4395168, -11.8433582 ], [ 32.4376608, -11.8437865 ], [ 32.4358048, -11.8438579 ], [ 32.4345199, -11.8434296 ], [ 32.4340916, -11.8420019 ], [ 32.4339488, -11.8400032 ], [ 32.4346627, -11.8388611 ], [ 32.4359476, -11.837362 ], [ 32.437518, -11.8371478 ], [ 32.4390885, -11.8369337 ], [ 32.4406589, -11.8375048 ], [ 32.442158, -11.8387897 ], [ 32.4429432, -11.839789 ], [ 32.4435143, -11.8410739 ], [ 32.444585, -11.8421447 ], [ 32.4457985, -11.8422875 ], [ 32.4476545, -11.8420733 ], [ 32.4480828, -11.8412881 ], [ 32.4477973, -11.8404315 ], [ 32.4477259, -11.8394321 ], [ 32.4470121, -11.8380044 ], [ 32.4459413, -11.8359343 ], [ 32.445513, -11.8340069 ], [ 32.4456558, -11.8325079 ], [ 32.4467265, -11.8306519 ], [ 32.4478687, -11.8302236 ], [ 32.4493677, -11.8306519 ], [ 32.4512237, -11.8309374 ], [ 32.4526514, -11.8315799 ], [ 32.453508, -11.8328648 ], [ 32.4548643, -11.8342211 ], [ 32.4555781, -11.8356488 ], [ 32.456292, -11.8368623 ], [ 32.4571486, -11.8365768 ], [ 32.4573627, -11.8355774 ], [ 32.456863, -11.8345066 ], [ 32.4557923, -11.8325793 ], [ 32.4558637, -11.8306519 ], [ 32.4565775, -11.829367 ], [ 32.4573627, -11.8290101 ], [ 32.4583621, -11.8291529 ], [ 32.459647, -11.8295098 ], [ 32.4619313, -11.8300094 ], [ 32.4631448, -11.8294384 ], [ 32.4642156, -11.8287245 ], [ 32.4653577, -11.8280107 ], [ 32.4667854, -11.8267258 ], [ 32.4680703, -11.8255123 ], [ 32.4697835, -11.8244415 ], [ 32.4724961, -11.824156 ], [ 32.4743521, -11.8235849 ], [ 32.475637, -11.8226569 ], [ 32.4760653, -11.8215148 ], [ 32.4759225, -11.8202299 ], [ 32.476565, -11.8183025 ], [ 32.4759939, -11.8166607 ], [ 32.4763508, -11.8150189 ], [ 32.477136, -11.8135198 ], [ 32.4784923, -11.812449 ], [ 32.4804197, -11.8122349 ], [ 32.4815618, -11.8128773 ], [ 32.4825612, -11.8140195 ], [ 32.482654, -11.8142979 ], [ 32.4827611, -11.8141908 ], [ 32.4835463, -11.8156899 ], [ 32.4836177, -11.8173317 ], [ 32.4844029, -11.8191877 ], [ 32.4854023, -11.820187 ], [ 32.4865444, -11.8209009 ], [ 32.4879007, -11.8216147 ], [ 32.4891856, -11.8210437 ], [ 32.4906847, -11.8191163 ], [ 32.4906847, -11.8182597 ], [ 32.4903992, -11.8170462 ], [ 32.4902564, -11.8148333 ], [ 32.4893284, -11.8132628 ], [ 32.4885432, -11.812549 ], [ 32.4875438, -11.811621 ], [ 32.4869727, -11.809765 ], [ 32.4866872, -11.8081946 ], [ 32.4873297, -11.8064813 ], [ 32.489257, -11.8049823 ], [ 32.4905419, -11.804554 ], [ 32.4914699, -11.8049109 ], [ 32.4924122, -11.8063957 ], [ 32.4926977, -11.8078234 ], [ 32.4926977, -11.8091797 ], [ 32.4932688, -11.8104646 ], [ 32.4936257, -11.812035 ], [ 32.4946251, -11.8133913 ], [ 32.4956958, -11.8141765 ], [ 32.4969094, -11.8133913 ], [ 32.4979801, -11.8124633 ], [ 32.4996933, -11.8107501 ], [ 32.5014779, -11.809251 ], [ 32.5035481, -11.8081089 ], [ 32.5052613, -11.8071095 ], [ 32.5074742, -11.8063957 ], [ 32.5085449, -11.8060388 ], [ 32.5098298, -11.8053963 ], [ 32.510472299999989, -11.8043969 ], [ 32.5101867, -11.8038972 ], [ 32.509116, -11.8044683 ], [ 32.5075455, -11.8051822 ], [ 32.5056182, -11.8055391 ], [ 32.5035481, -11.8058246 ], [ 32.5014065, -11.8057532 ], [ 32.4991936, -11.8043256 ], [ 32.4973377, -11.8033976 ], [ 32.4961241, -11.8021127 ], [ 32.4954817, -11.8013988 ], [ 32.4956958, -11.7992573 ], [ 32.4976232, -11.7989004 ], [ 32.4986939, -11.7990432 ], [ 32.5007641, -11.7996856 ], [ 32.5028342, -11.8007564 ], [ 32.5041191, -11.8010419 ], [ 32.5057609, -11.8004708 ], [ 32.5069031, -11.7998284 ], [ 32.5071172, -11.7986862 ], [ 32.5069031, -11.7977582 ], [ 32.5046188, -11.7970444 ], [ 32.5024773, -11.7962592 ], [ 32.5007641, -11.794546 ], [ 32.4995506, -11.7927614 ], [ 32.4990509, -11.7911909 ], [ 32.4996933, -11.7894063 ], [ 32.5011924, -11.7887639 ], [ 32.502834199999988, -11.7885497 ], [ 32.5043333, -11.7887639 ], [ 32.5059037, -11.7893349 ], [ 32.5070459, -11.7900488 ], [ 32.5079025, -11.7914765 ], [ 32.5083308, -11.7933324 ], [ 32.5086163, -11.7946174 ], [ 32.5090446, -11.7961164 ], [ 32.5101867, -11.7969016 ], [ 32.5111147, -11.7966875 ], [ 32.5111147, -11.7954026 ], [ 32.510044, -11.7934752 ], [ 32.5089732, -11.7923331 ], [ 32.5086877, -11.7905485 ], [ 32.5076169, -11.7896205 ], [ 32.5064748, -11.7889067 ], [ 32.5057609, -11.7874076 ], [ 32.5044047, -11.7858371 ], [ 32.5038336, -11.7849092 ], [ 32.5038336, -11.783767 ], [ 32.5044047, -11.7826963 ], [ 32.5053327, -11.7819824 ], [ 32.5071172, -11.7830532 ], [ 32.5089018, -11.7838384 ], [ 32.5094015, -11.7848378 ], [ 32.5102581, -11.7852661 ], [ 32.5117572, -11.785623 ], [ 32.5132563, -11.7851233 ], [ 32.5142556, -11.784695 ], [ 32.5148981, -11.7838384 ], [ 32.5151122, -11.7822679 ], [ 32.515397799999988, -11.7808403 ], [ 32.515611899999989, -11.7795554 ], [ 32.5162544, -11.7778422 ], [ 32.5172537, -11.7765572 ], [ 32.5183959, -11.7764859 ], [ 32.5193953, -11.7766286 ], [ 32.5210371, -11.7771283 ], [ 32.5221079, -11.7769855 ], [ 32.5230358, -11.7759148 ], [ 32.5239638, -11.7739874 ], [ 32.5246777, -11.7722028 ], [ 32.5261053, -11.7702041 ], [ 32.5270333, -11.7691333 ], [ 32.5286038, -11.7689906 ], [ 32.5297459, -11.7686336 ], [ 32.5308881, -11.7684195 ], [ 32.5324585, -11.768705 ], [ 32.5336007, -11.769633 ], [ 32.5348856, -11.7704182 ], [ 32.5368129, -11.7715604 ], [ 32.5381692, -11.7722742 ], [ 32.5394541, -11.774273 ], [ 32.5405249, -11.7754865 ], [ 32.5410959, -11.7764145 ], [ 32.5421667, -11.7768428 ], [ 32.5423095, -11.7759862 ], [ 32.5422381, -11.7750582 ], [ 32.5413101, -11.7741302 ], [ 32.5405963, -11.7719173 ], [ 32.5399538, -11.7702755 ], [ 32.5395255, -11.7694189 ], [ 32.5399538, -11.7675629 ], [ 32.5403107, -11.7665635 ], [ 32.5413815, -11.7654927 ], [ 32.5423095, -11.7641365 ], [ 32.5430233, -11.7631371 ], [ 32.5442368, -11.7627088 ], [ 32.5447365, -11.7617808 ], [ 32.5438799, -11.76071 ], [ 32.5435944, -11.7589968 ], [ 32.5427592, -11.7565412 ], [ 32.5424737, -11.7544711 ], [ 32.5421881, -11.752401 ], [ 32.5422595, -11.7506877 ], [ 32.5429733, -11.7489745 ], [ 32.5436872, -11.7476896 ], [ 32.5456859, -11.7469758 ], [ 32.547185, -11.7460478 ], [ 32.5486127, -11.7448343 ], [ 32.5497548, -11.7444774 ], [ 32.549969, -11.7431211 ], [ 32.5492551, -11.7424786 ], [ 32.5482557, -11.7415506 ], [ 32.5473991, -11.7408368 ], [ 32.5455432, -11.7401229 ], [ 32.5437586, -11.7393377 ], [ 32.5421167, -11.738267 ], [ 32.5407604, -11.7369107 ], [ 32.5396897, -11.7356258 ], [ 32.5389759, -11.7334842 ], [ 32.5381906, -11.7318424 ], [ 32.5378337, -11.7304861 ], [ 32.5381906, -11.7283446 ], [ 32.5394755, -11.7267028 ], [ 32.5404035, -11.7252751 ], [ 32.5414743, -11.7254179 ], [ 32.542902, -11.7246327 ], [ 32.5443296, -11.7234905 ], [ 32.5452576, -11.7231336 ], [ 32.5467567, -11.722277 ], [ 32.5476133, -11.721349 ], [ 32.5483271, -11.7200641 ], [ 32.549612, -11.7190647 ], [ 32.5508256, -11.7179939 ], [ 32.5521819, -11.7172801 ], [ 32.5528243, -11.7165663 ], [ 32.5548231, -11.7158524 ], [ 32.5556797, -11.7157811 ], [ 32.557036, -11.716709 ], [ 32.5581067, -11.717637 ], [ 32.5591061, -11.7183509 ], [ 32.5599627, -11.7178512 ], [ 32.5610334, -11.7164949 ], [ 32.561319, -11.7147817 ], [ 32.5623897, -11.7126402 ], [ 32.5630322, -11.7107842 ], [ 32.5625325, -11.7082144 ], [ 32.5626753, -11.7063584 ], [ 32.5625182, -11.7049022 ], [ 32.5625182, -11.7034031 ], [ 32.562661, -11.7021182 ], [ 32.5638032, -11.7006905 ], [ 32.5651594, -11.6996198 ], [ 32.5667299, -11.7000481 ], [ 32.5680862, -11.7018327 ], [ 32.5690855, -11.7034031 ], [ 32.5705132, -11.7046166 ], [ 32.5715126, -11.7046166 ], [ 32.5720123, -11.7041169 ], [ 32.5727975, -11.7027606 ], [ 32.573083, -11.7017613 ], [ 32.5740824, -11.700405 ], [ 32.5747249, -11.6986918 ], [ 32.5755815, -11.6969072 ], [ 32.5767236, -11.6954795 ], [ 32.5776516, -11.6949084 ], [ 32.5795076, -11.6949084 ], [ 32.5807211, -11.6951226 ], [ 32.5820774, -11.6959078 ], [ 32.5836479, -11.6976924 ], [ 32.5854324, -11.6989773 ], [ 32.5871457, -11.7000481 ], [ 32.5887161, -11.7002622 ], [ 32.5907149, -11.7001908 ], [ 32.5917856, -11.699477 ], [ 32.591857, -11.6986204 ], [ 32.5912145, -11.697621 ], [ 32.5904293, -11.6969786 ], [ 32.5885733, -11.6963361 ], [ 32.5862891, -11.695194 ], [ 32.5844331, -11.6921958 ], [ 32.5836479, -11.690554 ], [ 32.5833623, -11.6891263 ], [ 32.5835765, -11.6876273 ], [ 32.5849328, -11.6852716 ], [ 32.5863604, -11.6840581 ], [ 32.5879309, -11.6837012 ], [ 32.589073, -11.6832015 ], [ 32.5910004, -11.6817738 ], [ 32.5922139, -11.6809172 ], [ 32.593356, -11.6807744 ], [ 32.5948551, -11.6809886 ], [ 32.5960686, -11.6813455 ], [ 32.5972108, -11.6812741 ], [ 32.597996, -11.6807744 ], [ 32.5988526, -11.6795609 ], [ 32.5990668, -11.678276 ], [ 32.5983529, -11.6768483 ], [ 32.5972822, -11.6759203 ], [ 32.5959259, -11.6751351 ], [ 32.5939985, -11.6748496 ], [ 32.5926422, -11.6738502 ], [ 32.5915001, -11.6728508 ], [ 32.5910718, -11.6716373 ], [ 32.5910004, -11.6697099 ], [ 32.5919998, -11.6679967 ], [ 32.5929002, -11.6675632 ], [ 32.5930786, -11.6660767 ], [ 32.5935059, -11.664917 ], [ 32.5928955, -11.6636963 ], [ 32.5919189, -11.6635132 ], [ 32.590271, -11.6630249 ], [ 32.5891113, -11.6630249 ], [ 32.5891113, -11.6624146 ], [ 32.5899048, -11.6619263 ], [ 32.5908813, -11.6616821 ], [ 32.5911255, -11.6610107 ], [ 32.5905151, -11.6604004 ], [ 32.5894775, -11.6594849 ], [ 32.588501, -11.6600952 ], [ 32.5872803, -11.6605835 ], [ 32.5863037, -11.6605835 ], [ 32.5858765, -11.659729 ], [ 32.5863037, -11.6588745 ], [ 32.5872803, -11.6582031 ], [ 32.5880737, -11.6575928 ], [ 32.5880737, -11.6567993 ], [ 32.5880737, -11.656311 ], [ 32.5875244, -11.656311 ], [ 32.5870972, -11.6567993 ], [ 32.5863037, -11.6569824 ], [ 32.585083, -11.6569824 ], [ 32.5842896, -11.6574097 ], [ 32.5834961, -11.6569824 ], [ 32.5825195, -11.6575928 ], [ 32.5817261, -11.6577759 ], [ 32.5814819, -11.6572266 ], [ 32.5820923, -11.6564941 ], [ 32.5827026, -11.6558838 ], [ 32.5825195, -11.6550903 ], [ 32.5819092, -11.6553955 ], [ 32.5808716, -11.6560059 ], [ 32.5800781, -11.6558838 ], [ 32.5806885, -11.6550903 ], [ 32.5806885, -11.6541748 ], [ 32.5797119, -11.6538086 ], [ 32.5789185, -11.6538086 ], [ 32.578125, -11.6539917 ], [ 32.5778809, -11.6533813 ], [ 32.5778809, -11.65271 ], [ 32.5791016, -11.6519165 ], [ 32.579895, -11.6514282 ], [ 32.5791016, -11.6505127 ], [ 32.5784912, -11.651123 ], [ 32.5778809, -11.6519775 ], [ 32.577087399999989, -11.6513062 ], [ 32.5770874, -11.6500854 ], [ 32.5767212, -11.6495972 ], [ 32.5755005, -11.649292 ], [ 32.5748901, -11.6489868 ], [ 32.5753174, -11.6483765 ], [ 32.5753174, -11.6472778 ], [ 32.5750732, -11.6466064 ], [ 32.5745239, -11.6461792 ], [ 32.5734863, -11.6466064 ], [ 32.572876, -11.6467285 ], [ 32.5723267, -11.6459961 ], [ 32.5717163, -11.645813 ], [ 32.5706787, -11.6461792 ], [ 32.5698853, -11.6466064 ], [ 32.5698853, -11.6455078 ], [ 32.5704956, -11.6447144 ], [ 32.5704956, -11.6436768 ], [ 32.5698853, -11.6430054 ], [ 32.5690918, -11.6439819 ], [ 32.5681152, -11.6442261 ], [ 32.567688, -11.6428833 ], [ 32.5668945, -11.6416016 ], [ 32.5665283, -11.6412964 ], [ 32.5656738, -11.6416016 ], [ 32.5654907, -11.6427002 ], [ 32.5648804, -11.6428223 ], [ 32.5645142, -11.6419067 ], [ 32.5634766, -11.6411133 ], [ 32.5629272, -11.6414185 ], [ 32.5626831, -11.6419067 ], [ 32.5620728, -11.6422119 ], [ 32.5615234, -11.6417847 ], [ 32.5609131, -11.6416016 ], [ 32.5603027, -11.6419067 ], [ 32.5593262, -11.6420898 ], [ 32.5587158, -11.6419067 ], [ 32.5581055, -11.6427002 ], [ 32.5571289, -11.6427002 ], [ 32.5568848, -11.6417236 ], [ 32.5565186, -11.6409912 ], [ 32.5557251, -11.6401978 ], [ 32.5546875, -11.6403198 ], [ 32.553894, -11.6400757 ], [ 32.5524902, -11.6398926 ], [ 32.5513306, -11.640686 ], [ 32.5504761, -11.6414185 ], [ 32.5493164, -11.6408081 ], [ 32.5480957, -11.6403198 ], [ 32.546875, -11.6400146 ], [ 32.546875, -11.6390991 ], [ 32.5460815, -11.6380005 ], [ 32.545105, -11.637085 ], [ 32.5446777, -11.6373901 ], [ 32.5438843, -11.6378784 ], [ 32.5430908, -11.6373901 ], [ 32.5437012, -11.6362915 ], [ 32.5438843, -11.635376 ], [ 32.5435181, -11.6350098 ], [ 32.5424805, -11.6347046 ], [ 32.5421143, -11.6337891 ], [ 32.5424805, -11.6331177 ], [ 32.5427246, -11.6309204 ], [ 32.5424805, -11.6298828 ], [ 32.5413208, -11.6296997 ], [ 32.5405273, -11.6289062 ], [ 32.5405273, -11.6281128 ], [ 32.5413208, -11.6281128 ], [ 32.5421143, -11.6276855 ], [ 32.5432739, -11.626709 ], [ 32.5446777, -11.6254883 ], [ 32.5444946, -11.6234131 ], [ 32.5449219, -11.6224976 ], [ 32.5458984, -11.621582 ], [ 32.545105, -11.6207886 ], [ 32.5443115, -11.6209106 ], [ 32.5437012, -11.6218872 ], [ 32.5437012, -11.6228027 ], [ 32.5432739, -11.6229858 ], [ 32.5422974, -11.6228027 ], [ 32.541687, -11.62323 ], [ 32.5418701, -11.6239014 ], [ 32.541687, -11.6246948 ], [ 32.5408936, -11.6240845 ], [ 32.5401001, -11.6242065 ], [ 32.539123499999988, -11.6248779 ], [ 32.538330099999989, -11.6245117 ], [ 32.5386963, -11.6237183 ], [ 32.5394897, -11.6231079 ], [ 32.5396729, -11.6223755 ], [ 32.5388794, -11.6217041 ], [ 32.5380859, -11.6210937 ], [ 32.5385132, -11.6206055 ], [ 32.5393066, -11.6209106 ], [ 32.5402832, -11.6209106 ], [ 32.5408936, -11.6199951 ], [ 32.541687, -11.6190186 ], [ 32.5408936, -11.618103 ], [ 32.539917, -11.618103 ], [ 32.5386963, -11.617981 ], [ 32.5385132, -11.6173096 ], [ 32.5379028, -11.6162109 ], [ 32.5380859, -11.6152954 ], [ 32.5380859, -11.614502 ], [ 32.5374756, -11.6143188 ], [ 32.5366821, -11.6140747 ], [ 32.5355225, -11.6138916 ], [ 32.5358887, -11.6132202 ], [ 32.5371094, -11.6124268 ], [ 32.5379028, -11.6118164 ], [ 32.5380859, -11.6104126 ], [ 32.5386963, -11.6096802 ], [ 32.5380859, -11.609314 ], [ 32.5369263, -11.6099243 ], [ 32.5357056, -11.6098022 ], [ 32.5358887, -11.6085815 ], [ 32.5352783, -11.6079102 ], [ 32.5341187, -11.6079102 ], [ 32.5333252, -11.6072998 ], [ 32.5335083, -11.6065063 ], [ 32.5327148, -11.6055298 ], [ 32.5316772, -11.6055908 ], [ 32.5302734, -11.6060181 ], [ 32.52948, -11.6054077 ], [ 32.5302734, -11.6043091 ], [ 32.5307007, -11.6032104 ], [ 32.52948, -11.6032104 ], [ 32.5280762, -11.6027832 ], [ 32.5278931, -11.6013184 ], [ 32.5264893, -11.6005859 ], [ 32.5256958, -11.6011963 ], [ 32.5256958, -11.6021118 ], [ 32.5247192, -11.6027222 ], [ 32.5234985, -11.6019897 ], [ 32.5227051, -11.6008911 ], [ 32.5211182, -11.6011963 ], [ 32.5200806, -11.6008911 ], [ 32.5203247, -11.5997925 ], [ 32.5206909, -11.5983887 ], [ 32.5203247, -11.5971069 ], [ 32.5197144, -11.5966797 ], [ 32.5183105, -11.5969238 ], [ 32.5175171, -11.5975952 ], [ 32.5162964, -11.5982056 ], [ 32.515686, -11.5980225 ], [ 32.5148926, -11.5974121 ], [ 32.5140991, -11.5961914 ], [ 32.5142822, -11.5950928 ], [ 32.5142822, -11.593811 ], [ 32.513916, -11.5933838 ], [ 32.513122599999988, -11.5930786 ], [ 32.5123291, -11.593689 ], [ 32.5114746, -11.5941772 ], [ 32.510498, -11.5930786 ], [ 32.5111084, -11.5921021 ], [ 32.5119019, -11.5910034 ], [ 32.5109253, -11.59021 ], [ 32.5100708, -11.5900879 ], [ 32.508728, -11.5895996 ], [ 32.5073242, -11.5870972 ], [ 32.5070801, -11.5858154 ], [ 32.5056763, -11.5855103 ], [ 32.5048828, -11.5863037 ], [ 32.5048828, -11.5872803 ], [ 32.5046997, -11.5880127 ], [ 32.5040894, -11.5878296 ], [ 32.503479, -11.5872192 ], [ 32.5029297, -11.5864868 ], [ 32.5020752, -11.5852051 ], [ 32.5006714, -11.5839233 ], [ 32.4996948, -11.5834961 ], [ 32.4984741, -11.583313 ], [ 32.4984741, -11.5822754 ], [ 32.4989014, -11.5814819 ], [ 32.5001221, -11.5814819 ], [ 32.5012817, -11.5814209 ], [ 32.5018921, -11.5806885 ], [ 32.5010986, -11.5800171 ], [ 32.5004883, -11.5789795 ], [ 32.5004883, -11.5783081 ], [ 32.4998779, -11.5780029 ], [ 32.4989014, -11.5778198 ], [ 32.4981079, -11.5784912 ], [ 32.498291, -11.5795288 ], [ 32.4976807, -11.5808105 ], [ 32.496521, -11.5805054 ], [ 32.4959106, -11.5794067 ], [ 32.4959106, -11.5780029 ], [ 32.496887199999989, -11.5778198 ], [ 32.4973145, -11.5775146 ], [ 32.496521, -11.5770874 ], [ 32.495117199999989, -11.5767212 ], [ 32.4937134, -11.5759888 ], [ 32.4923096, -11.5755005 ], [ 32.4909058, -11.574707 ], [ 32.491272, -11.5731812 ], [ 32.4915161, -11.5715942 ], [ 32.489685099999988, -11.5701904 ], [ 32.4887085, -11.5684814 ], [ 32.4882813, -11.5675049 ], [ 32.487915, -11.5656128 ], [ 32.4871216, -11.5648804 ], [ 32.486084, -11.5634766 ], [ 32.4854736, -11.5623169 ], [ 32.4851074, -11.5615845 ], [ 32.486084, -11.5614014 ], [ 32.4868774, -11.5614014 ], [ 32.4876709, -11.560791 ], [ 32.4873047, -11.5595093 ], [ 32.486084, -11.559082 ], [ 32.4851074, -11.5588989 ], [ 32.4846802, -11.5579224 ], [ 32.4851074, -11.5563965 ], [ 32.4854736, -11.5552979 ], [ 32.4849243, -11.5543823 ], [ 32.4838867, -11.5527954 ], [ 32.4822998, -11.550293 ], [ 32.4829102, -11.5498047 ], [ 32.4829102, -11.5488892 ], [ 32.4816895, -11.5480957 ], [ 32.4807129, -11.5473022 ], [ 32.4810791, -11.546875 ], [ 32.4829102, -11.5469971 ], [ 32.4846802, -11.5471191 ], [ 32.4854736, -11.5462036 ], [ 32.4854736, -11.5447998 ], [ 32.4852905, -11.5438232 ], [ 32.4838867, -11.5438232 ], [ 32.4829102, -11.5446777 ], [ 32.4813232, -11.5441895 ], [ 32.4794922, -11.5440063 ], [ 32.4782715, -11.5440063 ], [ 32.4780884, -11.5432129 ], [ 32.479126, -11.5429077 ], [ 32.4799194, -11.5418091 ], [ 32.479126, -11.5404053 ], [ 32.4782715, -11.539917 ], [ 32.4771118, -11.5396118 ], [ 32.4760742, -11.5380859 ], [ 32.4766846, -11.5372925 ], [ 32.4780884, -11.536499 ], [ 32.4786987, -11.5354004 ], [ 32.4785156, -11.5339966 ], [ 32.4780884, -11.5325928 ], [ 32.4780884, -11.5307007 ], [ 32.4771118, -11.52948 ], [ 32.4755249, -11.5291748 ], [ 32.4733276, -11.5281982 ], [ 32.4733276, -11.5270996 ], [ 32.473877, -11.5266113 ], [ 32.473877, -11.526001 ], [ 32.4735107, -11.5253906 ], [ 32.47229, -11.5253906 ], [ 32.4708862, -11.5241089 ], [ 32.4708862, -11.5234985 ], [ 32.4707031, -11.5227051 ], [ 32.4700928, -11.5220947 ], [ 32.4691162, -11.5219116 ], [ 32.4678955, -11.5228882 ], [ 32.4666748, -11.5227051 ], [ 32.4666748, -11.5217285 ], [ 32.4666748, -11.519104 ], [ 32.4656982, -11.5183105 ], [ 32.4636841, -11.5177002 ], [ 32.4627075, -11.5170898 ], [ 32.4622803, -11.5161133 ], [ 32.4614868, -11.5151978 ], [ 32.4611206, -11.5148926 ], [ 32.460083, -11.5142212 ], [ 32.4597168, -11.5119019 ], [ 32.4598999, -11.5109863 ], [ 32.4586792, -11.5111084 ], [ 32.457519499999989, -11.5114746 ], [ 32.4562988, -11.512207 ], [ 32.4555054, -11.5133057 ], [ 32.454895, -11.513916 ], [ 32.4542847, -11.5133057 ], [ 32.4545288, -11.5114746 ], [ 32.4545288, -11.5098877 ], [ 32.4553223, -11.5087891 ], [ 32.4558716, -11.5078125 ], [ 32.4555054, -11.5070801 ], [ 32.4547119, -11.507019 ], [ 32.4536743, -11.5076294 ], [ 32.4522705, -11.5079956 ], [ 32.4519043, -11.5075073 ], [ 32.4520874, -11.5064087 ], [ 32.4525146, -11.5053101 ], [ 32.4517212, -11.5045776 ], [ 32.4514771, -11.503418 ], [ 32.4503174, -11.5037842 ], [ 32.4492798, -11.5046997 ], [ 32.4492798, -11.5061035 ], [ 32.4487305, -11.5070801 ], [ 32.4476929, -11.5061035 ], [ 32.4476929, -11.5048828 ], [ 32.4470825, -11.5037842 ], [ 32.4453125, -11.5029297 ], [ 32.4453125, -11.5015869 ], [ 32.4467163, -11.5015869 ], [ 32.447876, -11.5012207 ], [ 32.4484863, -11.4993286 ], [ 32.447876, -11.4974976 ], [ 32.4467163, -11.4979858 ], [ 32.4454956, -11.498291 ], [ 32.444885299999989, -11.49823 ], [ 32.444519, -11.4974976 ], [ 32.4448853, -11.4959106 ], [ 32.4454956, -11.4938965 ], [ 32.4448853, -11.493103 ], [ 32.4434814, -11.4924927 ], [ 32.4423218, -11.4912109 ], [ 32.4406738, -11.4898071 ], [ 32.4395142, -11.4898071 ], [ 32.4375, -11.4899292 ], [ 32.4360962, -11.4906006 ], [ 32.4359131, -11.4893799 ], [ 32.4365234, -11.4888916 ], [ 32.4362793, -11.4880981 ], [ 32.4345093, -11.487793 ], [ 32.4329224, -11.4879761 ], [ 32.4318848, -11.4882202 ], [ 32.430481, -11.487915 ], [ 32.4296875, -11.4885254 ], [ 32.4290771, -11.489502 ], [ 32.4273071, -11.4906006 ], [ 32.4263306, -11.4899902 ], [ 32.4263306, -11.4888916 ], [ 32.4260864, -11.4868164 ], [ 32.4246826, -11.4865112 ], [ 32.4238892, -11.4874268 ], [ 32.4238892, -11.4884033 ], [ 32.4221191, -11.4891968 ], [ 32.4204712, -11.4890137 ], [ 32.4202881, -11.4880981 ], [ 32.4193115, -11.4873047 ], [ 32.418273899999988, -11.4874878 ], [ 32.4174805, -11.4882812 ], [ 32.4163208, -11.4884033 ], [ 32.4155273, -11.487915 ], [ 32.4155273, -11.4869995 ], [ 32.4146729, -11.4863892 ], [ 32.4141235, -11.4857788 ], [ 32.4130859, -11.4859009 ], [ 32.4129028, -11.4869995 ], [ 32.4127197, -11.4882812 ], [ 32.4119263, -11.4890747 ], [ 32.4113159, -11.4879761 ], [ 32.4105225, -11.4865112 ], [ 32.409484899999988, -11.4854126 ], [ 32.4080811, -11.4840088 ], [ 32.4072876, -11.4829102 ], [ 32.4061279, -11.4833984 ], [ 32.4057007, -11.4844971 ], [ 32.4052734, -11.4855957 ], [ 32.4035034, -11.4865112 ], [ 32.401123, -11.4869995 ], [ 32.4003296, -11.4865112 ], [ 32.3994751, -11.4852295 ], [ 32.3986816, -11.4838257 ], [ 32.3991089, -11.4829102 ], [ 32.4003296, -11.4824829 ], [ 32.4000854, -11.4816895 ], [ 32.399292, -11.4816284 ], [ 32.3986816, -11.4822998 ], [ 32.3978882, -11.4833984 ], [ 32.3969116, -11.4832153 ], [ 32.3953247, -11.4830933 ], [ 32.3942871, -11.4838257 ], [ 32.3931274, -11.4835815 ], [ 32.3920898, -11.4821167 ], [ 32.3905029, -11.4822998 ], [ 32.3898926, -11.4829102 ], [ 32.388916, -11.4832764 ], [ 32.3875122, -11.4827881 ], [ 32.3867188, -11.4830933 ], [ 32.3869019, -11.4844971 ], [ 32.3864746, -11.4852295 ], [ 32.3853149, -11.4862061 ], [ 32.3842773, -11.4849243 ], [ 32.3845215, -11.4838867 ], [ 32.3845215, -11.4832764 ], [ 32.3840942, -11.4821167 ], [ 32.3834839, -11.4821167 ], [ 32.3831177, -11.4824219 ], [ 32.3831177, -11.4830933 ], [ 32.3820801, -11.4838867 ], [ 32.3809204, -11.4833984 ], [ 32.380310099999988, -11.482605 ], [ 32.380127, -11.4810791 ], [ 32.3796997, -11.4804077 ], [ 32.3787231, -11.4801025 ], [ 32.3770752, -11.4793091 ], [ 32.3754883, -11.4790039 ], [ 32.3743286, -11.4793091 ], [ 32.3734741, -11.4788818 ], [ 32.3724976, -11.4769897 ], [ 32.3720703, -11.4763184 ], [ 32.3710938, -11.4766235 ], [ 32.369873, -11.4758911 ], [ 32.3679199, -11.4746094 ], [ 32.3671265, -11.4749146 ], [ 32.366272, -11.4750977 ], [ 32.3654785, -11.4730225 ], [ 32.3643188, -11.4710083 ], [ 32.3626709, -11.4699097 ], [ 32.3618774, -11.4685059 ], [ 32.3596802, -11.46698 ], [ 32.3588867, -11.4674072 ], [ 32.3579102, -11.4671021 ], [ 32.3565063, -11.4661865 ], [ 32.3555298, -11.46521 ], [ 32.3543091, -11.4633789 ], [ 32.3535156, -11.4633789 ], [ 32.3530884, -11.4639893 ], [ 32.3522949, -11.4639282 ], [ 32.3515015, -11.4630127 ], [ 32.3508911, -11.4609985 ], [ 32.3502808, -11.4592896 ], [ 32.3493042, -11.4594116 ], [ 32.3477173, -11.4602051 ], [ 32.3461304, -11.4605103 ], [ 32.3447266, -11.460083 ], [ 32.3433228, -11.460083 ], [ 32.3416748, -11.4605103 ], [ 32.3400879, -11.4605103 ], [ 32.3380737, -11.4602051 ], [ 32.3364868, -11.4603882 ], [ 32.3358765, -11.4602051 ], [ 32.3355103, -11.4592285 ], [ 32.3344727, -11.4588013 ], [ 32.3339233, -11.4586182 ], [ 32.3331299, -11.4581909 ], [ 32.3319092, -11.4573975 ], [ 32.3306885, -11.4572754 ], [ 32.3292847, -11.4573975 ], [ 32.3284912, -11.4567871 ], [ 32.3270874, -11.4569092 ], [ 32.3256836, -11.4569092 ], [ 32.3242798, -11.454895 ], [ 32.3231201, -11.4536133 ], [ 32.3218994, -11.4536133 ], [ 32.3209229, -11.4533081 ], [ 32.3197021, -11.4544067 ], [ 32.3197021, -11.4555054 ], [ 32.3187256, -11.4564209 ], [ 32.3173218, -11.456604 ], [ 32.3156738, -11.4564819 ], [ 32.3146973, -11.4555054 ], [ 32.3140869, -11.4558105 ], [ 32.3132935, -11.4558105 ], [ 32.3129272, -11.4553833 ], [ 32.3123169, -11.4545898 ], [ 32.311279299999988, -11.4542847 ], [ 32.3093262, -11.4539795 ], [ 32.3076782, -11.4545898 ], [ 32.3060913, -11.4539795 ], [ 32.3037109, -11.453186 ], [ 32.3029175, -11.4528809 ], [ 32.3024902, -11.4520874 ], [ 32.3024902, -11.4506226 ], [ 32.3031006, -11.4494019 ] ] ] } },
{ "type": "Feature", "properties": { "NAME": "Lukusuzi", "globalid": 3 }, "geometry": { "type": "Polygon", "coordinates": [ [ [ 32.576875, -12.4439915 ], [ 32.5750904, -12.4445625 ], [ 32.5731631, -12.4456333 ], [ 32.5728061, -12.4474893 ], [ 32.5718782, -12.4506302 ], [ 32.5715926, -12.4522006 ], [ 32.5705219, -12.4533427 ], [ 32.5695225, -12.4532714 ], [ 32.5682376, -12.454699 ], [ 32.5670954, -12.4558412 ], [ 32.5657391, -12.455627 ], [ 32.5638832, -12.4548418 ], [ 32.5630266, -12.4547704 ], [ 32.561813, -12.4552701 ], [ 32.5609564, -12.4560553 ], [ 32.5597429, -12.4563409 ], [ 32.5578155, -12.4554129 ], [ 32.555674, -12.455056 ], [ 32.5537467, -12.4539138 ], [ 32.552319, -12.4524861 ], [ 32.5506829, -12.4517037 ], [ 32.5478445, -12.4571937 ], [ 32.5451906, -12.4622838 ], [ 32.5454036, -12.4673242 ], [ 32.5466051, -12.4738562 ], [ 32.5465466, -12.4878874 ], [ 32.5450409, -12.4981921 ], [ 32.5397442, -12.5054514 ], [ 32.5144736, -12.5309253 ], [ 32.5107076, -12.5357255 ], [ 32.5050663, -12.5410932 ], [ 32.5000628, -12.5477797 ], [ 32.4931937, -12.5527427 ], [ 32.4876539, -12.5614892 ], [ 32.483822599999989, -12.567606 ], [ 32.4806963, -12.5730949 ], [ 32.4763933, -12.5798975 ], [ 32.4099438, -12.6827796 ], [ 32.4072872, -12.6873526 ], [ 32.4074872, -12.6945691 ], [ 32.4058302, -12.698229 ], [ 32.404877, -12.7016621 ], [ 32.4038124, -12.7038921 ], [ 32.4025321, -12.7053127 ], [ 32.4016054, -12.7046416 ], [ 32.3996781, -12.7026429 ], [ 32.3977507, -12.7036422 ], [ 32.394824, -12.7034281 ], [ 32.3916831, -12.7029284 ], [ 32.3888277, -12.7023573 ], [ 32.3861865, -12.7024287 ], [ 32.3833312, -12.7022859 ], [ 32.3817607, -12.7035209 ], [ 32.3823318, -12.7054482 ], [ 32.3834739, -12.7072328 ], [ 32.3855441, -12.708946 ], [ 32.3861865, -12.7105165 ], [ 32.384973, -12.7116586 ], [ 32.3849016, -12.7130863 ], [ 32.3854013, -12.7146568 ], [ 32.3855441, -12.7175835 ], [ 32.3846161, -12.7200105 ], [ 32.3848302, -12.7216524 ], [ 32.3853299, -12.7242936 ], [ 32.3856868, -12.7260782 ], [ 32.3851158, -12.7280769 ], [ 32.3838309, -12.7306467 ], [ 32.382331799999989, -12.7337162 ], [ 32.3804758, -12.7365716 ], [ 32.3781915, -12.7386417 ], [ 32.3746937, -12.7421395 ], [ 32.3744796, -12.7430675 ], [ 32.3736943, -12.7449949 ], [ 32.3720525, -12.7466367 ], [ 32.3704821, -12.7477789 ], [ 32.3694862, -12.7481007 ], [ 32.3787148, -12.9687115 ], [ 32.37895, -12.9687896 ], [ 32.3806632, -12.9696462 ], [ 32.3809487, -12.9710739 ], [ 32.3830188, -12.9711452 ], [ 32.3855173, -12.97036 ], [ 32.3875874, -12.9710025 ], [ 32.3870163, -12.9730012 ], [ 32.3859456, -12.9758566 ], [ 32.3843751, -12.9772129 ], [ 32.3822336, -12.979283 ], [ 32.3845893, -12.9813531 ], [ 32.3896575, -12.9849223 ], [ 32.3916563, -12.9868497 ], [ 32.3942975, -12.989134 ], [ 32.3977239, -12.9917038 ], [ 32.3996513, -12.9932742 ], [ 32.4047195, -12.9962723 ], [ 32.4075035, -12.9984139 ], [ 32.4088598, -13.0007695 ], [ 32.410573, -13.0013406 ], [ 32.4125717, -13.00234 ], [ 32.4134997, -13.0012692 ], [ 32.4154985, -13.0025541 ], [ 32.4160696, -13.004196 ], [ 32.4167834, -13.0052667 ], [ 32.4187108, -13.0068372 ], [ 32.4201384, -13.0080507 ], [ 32.422851, -13.0051953 ], [ 32.4252067, -13.0034107 ], [ 32.4275623, -13.0013406 ], [ 32.4294183, -12.9994132 ], [ 32.4311315, -12.9980569 ], [ 32.4324165, -12.9985566 ], [ 32.4329161, -12.9996988 ], [ 32.4328448, -13.001412 ], [ 32.4339155, -13.0025541 ], [ 32.4357001, -13.002911 ], [ 32.4380558, -13.0034821 ], [ 32.4406256, -13.0044101 ], [ 32.4432668, -13.004767 ], [ 32.4442662, -13.0058378 ], [ 32.4445517, -13.0110488 ], [ 32.4446231, -13.0131189 ], [ 32.4447659, -13.0147608 ], [ 32.4447659, -13.0159029 ], [ 32.4451942, -13.0163312 ], [ 32.446264899999989, -13.0154032 ], [ 32.4465504, -13.0137614 ], [ 32.4466932, -13.0122623 ], [ 32.447692599999989, -13.011834 ], [ 32.4484778, -13.0119768 ], [ 32.4489061, -13.0123337 ], [ 32.4489775, -13.0135472 ], [ 32.4506907, -13.0148321 ], [ 32.4509049, -13.0164026 ], [ 32.452975, -13.0202573 ], [ 32.4534033, -13.0218991 ], [ 32.4534747, -13.0236837 ], [ 32.4544027, -13.0258966 ], [ 32.454831, -13.0280382 ], [ 32.4546882, -13.030608 ], [ 32.4542599, -13.0341772 ], [ 32.4535461, -13.0368184 ], [ 32.4535461, -13.0383174 ], [ 32.453903, -13.0392454 ], [ 32.4558717, -13.0404151 ], [ 32.457391199999989, -13.0409365 ], [ 32.4576911, -13.0415831 ], [ 32.4577254, -13.0417435 ], [ 32.457807, -13.0417623 ], [ 32.4593282, -13.0403162 ], [ 32.4611127, -13.0393168 ], [ 32.4626118, -13.0383888 ], [ 32.463397, -13.0396023 ], [ 32.4627546, -13.0406731 ], [ 32.4636112, -13.042886 ], [ 32.464325, -13.0452417 ], [ 32.465253, -13.0473118 ], [ 32.4668235, -13.049953 ], [ 32.4696788, -13.0506668 ], [ 32.470821, -13.0498816 ], [ 32.4718917, -13.0515948 ], [ 32.4722486, -13.0548785 ], [ 32.4736049, -13.05702 ], [ 32.4748184, -13.0578052 ], [ 32.4747471, -13.0591615 ], [ 32.4741046, -13.0603036 ], [ 32.4758178, -13.0629448 ], [ 32.4761747, -13.0642298 ], [ 32.4773169, -13.0645153 ], [ 32.4793156, -13.0661571 ], [ 32.4817427, -13.0672993 ], [ 32.4831704, -13.0671565 ], [ 32.4847408, -13.0667282 ], [ 32.4858829, -13.0667996 ], [ 32.4859543, -13.0681559 ], [ 32.4870965, -13.0689411 ], [ 32.4882386, -13.0692266 ], [ 32.4884528, -13.0704401 ], [ 32.4900232, -13.0714395 ], [ 32.4923789, -13.0717964 ], [ 32.4939493, -13.0719392 ], [ 32.4946631, -13.0725817 ], [ 32.4946631, -13.0740093 ], [ 32.4951628, -13.0762222 ], [ 32.4960194, -13.0777927 ], [ 32.4970188, -13.0780068 ], [ 32.497804, -13.0783638 ], [ 32.4986606, -13.0794345 ], [ 32.4985179, -13.0817188 ], [ 32.4997314, -13.0837889 ], [ 32.5001597, -13.0860732 ], [ 32.4995886, -13.0876437 ], [ 32.5005166, -13.0887858 ], [ 32.5020871, -13.0887858 ], [ 32.5028009, -13.0891427 ], [ 32.5040144, -13.0904276 ], [ 32.5040858, -13.0904133 ], [ 32.5062987, -13.0899137 ], [ 32.5086544, -13.0898423 ], [ 32.5116525, -13.0896281 ], [ 32.5142937, -13.0884146 ], [ 32.5165066, -13.0859162 ], [ 32.5194333, -13.0842029 ], [ 32.521789, -13.0851309 ], [ 32.5248585, -13.0849882 ], [ 32.5277139, -13.0858448 ], [ 32.5301409, -13.0877008 ], [ 32.5327821, -13.08663 ], [ 32.535923, -13.0869155 ], [ 32.5372079, -13.0882004 ], [ 32.5393494, -13.0885574 ], [ 32.5442053, -13.0866283 ], [ 32.5477013, -13.0839174 ], [ 32.5497715, -13.0830608 ], [ 32.550985, -13.0811334 ], [ 32.552841, -13.0802055 ], [ 32.5568385, -13.0751372 ], [ 32.5602649, -13.0704259 ], [ 32.5645479, -13.0672136 ], [ 32.5727571, -13.0632875 ], [ 32.5779681, -13.0612887 ], [ 32.5858203, -13.0570057 ], [ 32.5910313, -13.0549356 ], [ 32.5966706, -13.0516519 ], [ 32.5996688, -13.0490107 ], [ 32.60231, -13.0448705 ], [ 32.6061647, -13.0400877 ], [ 32.6083776, -13.0379462 ], [ 32.610876, -13.0373752 ], [ 32.6135172, -13.0364472 ], [ 32.6183713, -13.0373038 ], [ 32.623511, -13.0391598 ], [ 32.6257952, -13.0426576 ], [ 32.6272943, -13.0452274 ], [ 32.6320056, -13.0456557 ], [ 32.6359317, -13.0472261 ], [ 32.6390726, -13.0471547 ], [ 32.6420708, -13.0440852 ], [ 32.6464252, -13.0409443 ], [ 32.6496374, -13.0378035 ], [ 32.6552054, -13.033449 ], [ 32.6594884, -13.0283094 ], [ 32.6610589, -13.0268104 ], [ 32.662984, -13.0267942 ], [ 32.6637897, -13.0259859 ], [ 32.6654321, -13.0261039 ], [ 32.7737048, -13.0150424 ], [ 32.778427, -13.0007035 ], [ 32.7913504, -13.0007093 ], [ 32.7907778, -13.0002512 ], [ 32.7892787, -12.9992518 ], [ 32.7879224, -12.998538 ], [ 32.7862806, -12.9978241 ], [ 32.7852098, -12.9977528 ], [ 32.7834966, -12.9975386 ], [ 32.7820689, -12.9969675 ], [ 32.7802843, -12.9964679 ], [ 32.7797133, -12.9955399 ], [ 32.7792136, -12.9941122 ], [ 32.7785711, -12.9938267 ], [ 32.7772148, -12.9925417 ], [ 32.7758585, -12.9921848 ], [ 32.7745736, -12.9927559 ], [ 32.7729318, -12.9935411 ], [ 32.7720038, -12.993327 ], [ 32.7714327, -12.9925417 ], [ 32.7710044, -12.9918279 ], [ 32.7698623, -12.9911141 ], [ 32.7688629, -12.9899719 ], [ 32.7679349, -12.9889726 ], [ 32.7675066, -12.9879018 ], [ 32.7671497, -12.9867597 ], [ 32.765722, -12.9856889 ], [ 32.7662217, -12.9849751 ], [ 32.7672925, -12.9839043 ], [ 32.7688629, -12.9830477 ], [ 32.7699337, -12.9819056 ], [ 32.7707903, -12.9799782 ], [ 32.7715755, -12.9796213 ], [ 32.7725749, -12.9789788 ], [ 32.7733601, -12.9776939 ], [ 32.7737884, -12.975481 ], [ 32.7742167, -12.9740533 ], [ 32.774645, -12.9723401 ], [ 32.7753588, -12.9718404 ], [ 32.7765724, -12.9716977 ], [ 32.7771434, -12.9710552 ], [ 32.7772862, -12.9703414 ], [ 32.7770007, -12.9692706 ], [ 32.7766438, -12.9675574 ], [ 32.7770721, -12.9654873 ], [ 32.7777859, -12.9632744 ], [ 32.7778573, -12.9609187 ], [ 32.7792136, -12.9589913 ], [ 32.7812123, -12.9562002 ], [ 32.7816406, -12.9543443 ], [ 32.7824258, -12.9527024 ], [ 32.7847815, -12.9515603 ], [ 32.7872799, -12.9501326 ], [ 32.7894215, -12.9484194 ], [ 32.793419, -12.946849 ], [ 32.7961315, -12.945921 ], [ 32.7987727, -12.9447788 ], [ 32.7998435, -12.9438508 ], [ 32.8016995, -12.9416379 ], [ 32.8030558, -12.939425 ], [ 32.8036982, -12.9361414 ], [ 32.8046262, -12.9337143 ], [ 32.8059111, -12.9322867 ], [ 32.8076243, -12.9311445 ], [ 32.8098372, -12.9294313 ], [ 32.8121215, -12.9272898 ], [ 32.8137633, -12.9241489 ], [ 32.8158335, -12.9225071 ], [ 32.8192599, -12.9212222 ], [ 32.8230432, -12.919509 ], [ 32.8258272, -12.9178671 ], [ 32.8285398, -12.9166536 ], [ 32.829325, -12.9144407 ], [ 32.829325, -12.9117281 ], [ 32.8293964, -12.9090155 ], [ 32.8300389, -12.906874 ], [ 32.8311096, -12.9058675 ], [ 32.8316807, -12.9038688 ], [ 32.8319662, -12.90187 ], [ 32.8324659, -12.8993716 ], [ 32.8324659, -12.8963021 ], [ 32.8325373, -12.8939464 ], [ 32.8332511, -12.8899489 ], [ 32.8343219, -12.8875932 ], [ 32.8341791, -12.8854517 ], [ 32.8340364, -12.8828105 ], [ 32.8349643, -12.8801693 ], [ 32.8361065, -12.8780278 ], [ 32.8383908, -12.8735306 ], [ 32.8395329, -12.8715319 ], [ 32.8414603, -12.8703184 ], [ 32.8438159, -12.8699614 ], [ 32.8446711, -12.8696654 ], [ 32.8446235, -12.8677017 ], [ 32.8436787, -12.8257096 ], [ 32.8427653, -12.8256379 ], [ 32.8395531, -12.8259235 ], [ 32.8350559, -12.8256379 ], [ 32.8322719, -12.8240675 ], [ 32.829131, -12.8214977 ], [ 32.8265612, -12.8207838 ], [ 32.82392, -12.8212835 ], [ 32.8201367, -12.8212835 ], [ 32.8178524, -12.8203555 ], [ 32.8171385, -12.8184995 ], [ 32.8173527, -12.815787 ], [ 32.8182807, -12.8127175 ], [ 32.8178524, -12.8093624 ], [ 32.8158536, -12.8045797 ], [ 32.8146401, -12.8015102 ], [ 32.8127065, -12.7980584 ], [ 32.8114278, -12.7981409 ], [ 32.8092149, -12.7979267 ], [ 32.8072162, -12.7972129 ], [ 32.8059313, -12.7954997 ], [ 32.8042895, -12.7923588 ], [ 32.8035756, -12.7895748 ], [ 32.8028618, -12.7870764 ], [ 32.8012199, -12.7852204 ], [ 32.7987929, -12.7840783 ], [ 32.7965086, -12.7831503 ], [ 32.7944385, -12.7821509 ], [ 32.7934391, -12.7816512 ], [ 32.7935819, -12.7804377 ], [ 32.793796, -12.7785817 ], [ 32.7927253, -12.7772968 ], [ 32.7912262, -12.7769399 ], [ 32.7905124, -12.7760119 ], [ 32.7879426, -12.7757977 ], [ 32.7860866, -12.7749411 ], [ 32.7838737, -12.7741559 ], [ 32.786265, -12.7718288 ], [ 32.7865506, -12.7693304 ], [ 32.7865506, -12.7679027 ], [ 32.7894773, -12.7664036 ], [ 32.7916188, -12.7646904 ], [ 32.7929037, -12.7628344 ], [ 32.7944742, -12.7604788 ], [ 32.7956877, -12.7581231 ], [ 32.7971868, -12.7569096 ], [ 32.7995424, -12.7571951 ], [ 32.803825499999988, -12.7567668 ], [ 32.806538, -12.7544111 ], [ 32.8105355, -12.7514844 ], [ 32.8137478, -12.7502709 ], [ 32.8149613, -12.7473441 ], [ 32.8165318, -12.7447743 ], [ 32.8197441, -12.7413479 ], [ 32.8214573, -12.7379929 ], [ 32.8236702, -12.7351375 ], [ 32.8259544, -12.7321394 ], [ 32.8284529, -12.7295696 ], [ 32.8293809, -12.727785 ], [ 32.8306658, -12.7265715 ], [ 32.8315224, -12.7246441 ], [ 32.8320221, -12.7225026 ], [ 32.8328787, -12.7201469 ], [ 32.8330928, -12.7175771 ], [ 32.8345919, -12.7154356 ], [ 32.8371617, -12.7135796 ], [ 32.8407309, -12.7134368 ], [ 32.8439432, -12.7135796 ], [ 32.8475124, -12.7144362 ], [ 32.8518668, -12.7167205 ], [ 32.8563279, -12.7190186 ], [ 32.8587708, -12.7185849 ], [ 32.8590494, -12.7171917 ], [ 32.8596067, -12.7157985 ], [ 32.8596067, -12.713848 ], [ 32.8590494, -12.7113402 ], [ 32.8575169, -12.7078572 ], [ 32.856263, -12.7053494 ], [ 32.8543125, -12.7035382 ], [ 32.8538792, -12.7032783 ], [ 32.8486333, -12.6985319 ], [ 32.8418518, -12.6928212 ], [ 32.8393534, -12.6902514 ], [ 32.8349989, -12.688324 ], [ 32.8333571, -12.6800435 ], [ 32.8325005, -12.6752608 ], [ 32.8316439, -12.6712633 ], [ 32.8312156, -12.6685507 ], [ 32.830359, -12.6644818 ], [ 32.8281461, -12.6629828 ], [ 32.826651, -12.6621033 ], [ 32.8247833, -12.6604369 ], [ 32.8245003, -12.6601845 ], [ 32.8235508, -12.6603708 ], [ 32.81958, -12.6584142 ], [ 32.8175813, -12.6564155 ], [ 32.8142976, -12.6554161 ], [ 32.8122275, -12.6532032 ], [ 32.8117278, -12.6502764 ], [ 32.8112995, -12.6481349 ], [ 32.811014, -12.6450654 ], [ 32.8118706, -12.6415676 ], [ 32.8138693, -12.6371418 ], [ 32.8136552, -12.6330729 ], [ 32.8150115, -12.6272195 ], [ 32.8145832, -12.6240786 ], [ 32.8142263, -12.6212232 ], [ 32.8109426, -12.6181537 ], [ 32.8086583, -12.6174399 ], [ 32.8063026, -12.6160122 ], [ 32.8050891, -12.6129427 ], [ 32.8043039, -12.6083741 ], [ 32.8041611, -12.6070892 ], [ 32.8047322, -12.6050905 ], [ 32.803947, -12.6028776 ], [ 32.8035901, -12.6003078 ], [ 32.8043039, -12.5976666 ], [ 32.8056602, -12.5951681 ], [ 32.8076589, -12.5920986 ], [ 32.8083728, -12.5898857 ], [ 32.8078017, -12.5846747 ], [ 32.8061599, -12.5802489 ], [ 32.8053747, -12.5768939 ], [ 32.8052319, -12.5739671 ], [ 32.8056602, -12.5703979 ], [ 32.8051605, -12.5671857 ], [ 32.804518, -12.5647586 ], [ 32.8070879, -12.5625457 ], [ 32.8068023, -12.5607611 ], [ 32.8073734, -12.5558499 ], [ 32.8078017, -12.5514241 ], [ 32.8078731, -12.5472125 ], [ 32.807730299999989, -12.5435005 ], [ 32.8072306, -12.5403596 ], [ 32.8084442, -12.537076 ], [ 32.8114423, -12.5328643 ], [ 32.8107284, -12.5291524 ], [ 32.8068737, -12.5277247 ], [ 32.8026621, -12.5271536 ], [ 32.8012344, -12.5257973 ], [ 32.8009489, -12.52387 ], [ 32.798736, -12.5231561 ], [ 32.795952, -12.5237986 ], [ 32.7930966, -12.5196583 ], [ 32.790741, -12.5169457 ], [ 32.7889564, -12.5163033 ], [ 32.7882976, -12.5165189 ], [ 32.7850303, -12.5175882 ], [ 32.7825318, -12.5193728 ], [ 32.7801048, -12.521086 ], [ 32.7778919, -12.5209432 ], [ 32.7753934, -12.5184448 ], [ 32.7713246, -12.5162319 ], [ 32.767541199999989, -12.5143759 ], [ 32.763044, -12.5115919 ], [ 32.7594035, -12.5093077 ], [ 32.7575475, -12.5080228 ], [ 32.7547635, -12.5095218 ], [ 32.7519796, -12.5087366 ], [ 32.7495525, -12.5093077 ], [ 32.7465544, -12.5100929 ], [ 32.7424855, -12.5088794 ], [ 32.7397729, -12.5073089 ], [ 32.7376314, -12.5060954 ], [ 32.7352044, -12.5066665 ], [ 32.7324918, -12.5046677 ], [ 32.7301361, -12.5030259 ], [ 32.7275663, -12.5023834 ], [ 32.7205707, -12.5038825 ], [ 32.7150027, -12.5042394 ], [ 32.7122901, -12.5062382 ], [ 32.7105769, -12.5075945 ], [ 32.7082926, -12.5074517 ], [ 32.7034385, -12.5095932 ], [ 32.7005832, -12.5095932 ], [ 32.6980134, -12.5109495 ], [ 32.6955149, -12.5109495 ], [ 32.6943728, -12.5100929 ], [ 32.690875, -12.5108067 ], [ 32.6895901, -12.5113064 ], [ 32.6888762, -12.5110209 ], [ 32.687163, -12.5090935 ], [ 32.6867347, -12.5073089 ], [ 32.6850215, -12.5058099 ], [ 32.6843791, -12.5038111 ], [ 32.6844504, -12.5018837 ], [ 32.6829514, -12.5008844 ], [ 32.6812382, -12.5013841 ], [ 32.6805243, -12.5016696 ], [ 32.679525, -12.5005988 ], [ 32.6773835, -12.5000278 ], [ 32.6753847, -12.5008844 ], [ 32.6745281, -12.5002419 ], [ 32.6736001, -12.4991712 ], [ 32.6718869, -12.4981004 ], [ 32.6701023, -12.4976721 ], [ 32.6692457, -12.499885 ], [ 32.6685319, -12.5020979 ], [ 32.6681036, -12.5040253 ], [ 32.66689, -12.5056671 ], [ 32.6651054, -12.5045963 ], [ 32.6638919, -12.502312 ], [ 32.6623928, -12.5018837 ], [ 32.659252, -12.5023834 ], [ 32.6571818, -12.5028117 ], [ 32.6551117, -12.5025262 ], [ 32.6542551, -12.4987429 ], [ 32.6531843, -12.496173 ], [ 32.6507573, -12.4958875 ], [ 32.6431192, -12.4973866 ], [ 32.6397642, -12.4976721 ], [ 32.6376227, -12.4981004 ], [ 32.6364805, -12.4990284 ], [ 32.6354098, -12.4992425 ], [ 32.634339, -12.4986001 ], [ 32.6329113, -12.4987429 ], [ 32.630984, -12.4979576 ], [ 32.630056, -12.4967441 ], [ 32.6308412, -12.495245 ], [ 32.6312695, -12.4938174 ], [ 32.6316264, -12.4916759 ], [ 32.6312695, -12.4896771 ], [ 32.6304129, -12.488178 ], [ 32.629128, -12.4893202 ], [ 32.6280572, -12.4881067 ], [ 32.6285569, -12.4868931 ], [ 32.6273434, -12.4852513 ], [ 32.6254874, -12.4850372 ], [ 32.624488, -12.4846089 ], [ 32.62356, -12.4843947 ], [ 32.6223465, -12.4839664 ], [ 32.6224179, -12.4831812 ], [ 32.6230604, -12.4828956 ], [ 32.624488, -12.4823246 ], [ 32.6244166, -12.4803972 ], [ 32.6237028, -12.4786126 ], [ 32.6228462, -12.4780415 ], [ 32.6217041, -12.4776132 ], [ 32.6214185, -12.4759 ], [ 32.6212758, -12.4741154 ], [ 32.6202764, -12.4731161 ], [ 32.6186346, -12.4731161 ], [ 32.6170641, -12.4741868 ], [ 32.6155651, -12.4747579 ], [ 32.6142801, -12.4755431 ], [ 32.6125669, -12.474401 ], [ 32.6122814, -12.471617 ], [ 32.6113534, -12.4691186 ], [ 32.6108537, -12.4674054 ], [ 32.609783, -12.4671912 ], [ 32.6084981, -12.467334 ], [ 32.6068562, -12.4672626 ], [ 32.605143, -12.466406 ], [ 32.6050002, -12.4652638 ], [ 32.6053572, -12.4637648 ], [ 32.6056427, -12.4624085 ], [ 32.6044292, -12.460267 ], [ 32.604215, -12.4580541 ], [ 32.6034298, -12.4576258 ], [ 32.6001461, -12.4576258 ], [ 32.5987185, -12.4574116 ], [ 32.5983616, -12.4559839 ], [ 32.5975763, -12.4539138 ], [ 32.5964342, -12.4533427 ], [ 32.5955062, -12.4527717 ], [ 32.5948637, -12.4518437 ], [ 32.5936502, -12.4517723 ], [ 32.5927222, -12.4514868 ], [ 32.5916515, -12.4506302 ], [ 32.5922939, -12.4487742 ], [ 32.5918656, -12.447061 ], [ 32.5901524, -12.4472037 ], [ 32.588225, -12.4466327 ], [ 32.5860835, -12.4452764 ], [ 32.5838706, -12.4446339 ], [ 32.581158, -12.4452764 ], [ 32.5798018, -12.4458474 ], [ 32.5776602, -12.4450622 ], [ 32.576875, -12.4439915 ] ] ] } },
{ "type": "Feature", "properties": { "NAME": "Luambe", "globalid": 4 }, "geometry": { "type": "Polygon", "coordinates": [ [ [ 32.1711233, -12.4010769 ], [ 32.169309, -12.4010136 ], [ 32.1666831, -12.4003979 ], [ 32.1665939, -12.4005688 ], [ 32.1664036, -12.4013779 ], [ 32.1670698, -12.40252 ], [ 32.167974, -12.4037097 ], [ 32.1693541, -12.4047567 ], [ 32.1703059, -12.4058037 ], [ 32.1713529, -12.4067079 ], [ 32.1720191, -12.407041 ], [ 32.1731137, -12.407041 ], [ 32.1736372, -12.4072789 ], [ 32.174351, -12.4080879 ], [ 32.1746365, -12.4090397 ], [ 32.1748745, -12.4099915 ], [ 32.174922099999989, -12.4114668 ], [ 32.1746841, -12.4124186 ], [ 32.1742558, -12.4130372 ], [ 32.1729709, -12.4136559 ], [ 32.1717812, -12.4141794 ], [ 32.1704011, -12.4146077 ], [ 32.1687831, -12.4147504 ], [ 32.167403, -12.4148932 ], [ 32.1659753, -12.4148932 ], [ 32.1648807, -12.4146077 ], [ 32.1642145, -12.4142269 ], [ 32.1633579, -12.4142269 ], [ 32.1623109, -12.4140366 ], [ 32.1611212, -12.4133228 ], [ 32.1604549, -12.4126565 ], [ 32.1599791, -12.4122758 ], [ 32.159408, -12.4122282 ], [ 32.1587417, -12.4118951 ], [ 32.1577899, -12.4116571 ], [ 32.1571237, -12.4110861 ], [ 32.1562195, -12.4104674 ], [ 32.1551725, -12.4104198 ], [ 32.1537924, -12.4109909 ], [ 32.1533642, -12.4119427 ], [ 32.1527455, -12.4135131 ], [ 32.1525551, -12.4145125 ], [ 32.1521268, -12.4151312 ], [ 32.1516034, -12.4163209 ], [ 32.1510799, -12.4174154 ], [ 32.1505088, -12.4188907 ], [ 32.150366, -12.4200804 ], [ 32.1502709, -12.4209846 ], [ 32.1496046, -12.421746 ], [ 32.1482245, -12.4223171 ], [ 32.1471776, -12.4230309 ], [ 32.1463209, -12.4238876 ], [ 32.1455119, -12.4241255 ], [ 32.1447505, -12.4241255 ], [ 32.1437511, -12.4246966 ], [ 32.1429421, -12.4257435 ], [ 32.1426566, -12.4268857 ], [ 32.1427993, -12.42917 ], [ 32.1429897, -12.4311687 ], [ 32.1438939, -12.4330247 ], [ 32.1443222, -12.4341192 ], [ 32.1447981, -12.4355374 ], [ 32.1448457, -12.4368223 ], [ 32.1459878, -12.4385355 ], [ 32.1467968, -12.4395825 ], [ 32.1471776, -12.4407246 ], [ 32.1472251, -12.4421523 ], [ 32.1474631, -12.4447221 ], [ 32.1478914, -12.4467685 ], [ 32.1483197, -12.4483389 ], [ 32.1484625, -12.450528 ], [ 32.147986599999989, -12.4526219 ], [ 32.1472251, -12.4537165 ], [ 32.1467968, -12.4548586 ], [ 32.1453216, -12.4565718 ], [ 32.1437987, -12.4578567 ], [ 32.1423234, -12.4588561 ], [ 32.1412765, -12.4599507 ], [ 32.1400392, -12.4619018 ], [ 32.1398488, -12.4622825 ], [ 32.1385401, -12.4642623 ], [ 32.138587699999988, -12.4668321 ], [ 32.1387305, -12.4684977 ], [ 32.1398726, -12.4709247 ], [ 32.1418238, -12.4734946 ], [ 32.1432039, -12.4752078 ], [ 32.1445839, -12.4767306 ], [ 32.1467254, -12.4778252 ], [ 32.1482959, -12.4789197 ], [ 32.1492001, -12.4802522 ], [ 32.1498663, -12.4822034 ], [ 32.1504374, -12.4835835 ], [ 32.1510561, -12.4859154 ], [ 32.1513892, -12.4870575 ], [ 32.1518651, -12.4890658 ], [ 32.1520554, -12.4911121 ], [ 32.1515796, -12.4941102 ], [ 32.1508181, -12.496109 ], [ 32.1505326, -12.497727 ], [ 32.1501995, -12.4982981 ], [ 32.1501231, -12.498489 ], [ 32.1499775, -12.4984822 ], [ 32.1497705, -12.4996101 ], [ 32.1494136, -12.5009664 ], [ 32.1487712, -12.5024655 ], [ 32.1478432, -12.5033935 ], [ 32.1464155, -12.5045356 ], [ 32.1447737, -12.5052494 ], [ 32.1430604, -12.5057491 ], [ 32.14149, -12.5068913 ], [ 32.1403479, -12.5071768 ], [ 32.138706, -12.5078906 ], [ 32.1369214, -12.5083903 ], [ 32.1350655, -12.5090328 ], [ 32.1342802, -12.5093183 ], [ 32.1333523, -12.5111743 ], [ 32.1326384, -12.5138155 ], [ 32.1328526, -12.5165995 ], [ 32.1328526, -12.5185268 ], [ 32.1323529, -12.5198117 ], [ 32.1324243, -12.5215107 ], [ 32.1322101, -12.523795 ], [ 32.1319246, -12.5257937 ], [ 32.131996, -12.5270786 ], [ 32.1330667, -12.5287918 ], [ 32.1329953, -12.5302909 ], [ 32.1324243, -12.5317899 ], [ 32.1317104, -12.5335745 ], [ 32.1322815, -12.5355019 ], [ 32.1335664, -12.537001 ], [ 32.1351369, -12.5378576 ], [ 32.1369928, -12.539428 ], [ 32.1384919, -12.5406415 ], [ 32.1422752, -12.5434969 ], [ 32.1432032, -12.544639 ], [ 32.1438457, -12.5460667 ], [ 32.1451306, -12.547423 ], [ 32.1448451, -12.548351 ], [ 32.1435601, -12.5482082 ], [ 32.1421325, -12.5485652 ], [ 32.1407762, -12.5490648 ], [ 32.1392771, -12.5488507 ], [ 32.1377067, -12.5482082 ], [ 32.1358507, -12.5473516 ], [ 32.1341375, -12.5470661 ], [ 32.1317104, -12.5471375 ], [ 32.1305683, -12.5481368 ], [ 32.1297117, -12.5500642 ], [ 32.1286409, -12.5523485 ], [ 32.1280699, -12.5541331 ], [ 32.128284, -12.5555608 ], [ 32.1294975, -12.5573454 ], [ 32.1320673, -12.5612001 ], [ 32.1321387, -12.5648407 ], [ 32.1309252, -12.5671249 ], [ 32.1290692, -12.568624 ], [ 32.1281412, -12.5686954 ], [ 32.127356, -12.5692664 ], [ 32.1255, -12.5702658 ], [ 32.1240724, -12.5718363 ], [ 32.1233585, -12.5735495 ], [ 32.1221735, -12.5765048 ], [ 32.1221022, -12.5787177 ], [ 32.1223877, -12.5812875 ], [ 32.1224591, -12.5831435 ], [ 32.1218166, -12.5851422 ], [ 32.1216739, -12.586784 ], [ 32.1213883, -12.5882117 ], [ 32.1205317, -12.5901391 ], [ 32.12096, -12.5912812 ], [ 32.1206745, -12.5926375 ], [ 32.1190326, -12.5937083 ], [ 32.1168198, -12.5944221 ], [ 32.1156062, -12.5952787 ], [ 32.1128936, -12.5968492 ], [ 32.111466, -12.5987765 ], [ 32.10961, -12.6017033 ], [ 32.1093958, -12.6039876 ], [ 32.1108949, -12.6060577 ], [ 32.1124653, -12.6067001 ], [ 32.1139644, -12.6069857 ], [ 32.1148802, -12.6071837 ], [ 32.1207275, -12.6065063 ], [ 32.121066, -12.6063935 ], [ 32.120719, -12.6058152 ], [ 32.120462, -12.6049585 ], [ 32.120205, -12.6040591 ], [ 32.1200337, -12.6037165 ], [ 32.1193912, -12.6032453 ], [ 32.1190057, -12.6024744 ], [ 32.1186203, -12.6011467 ], [ 32.1183633, -12.6006755 ], [ 32.1180206, -12.6002044 ], [ 32.1183633, -12.5998617 ], [ 32.1193912, -12.599305 ], [ 32.1200765, -12.5984912 ], [ 32.120719, -12.5975917 ], [ 32.1210188, -12.5970778 ], [ 32.1218325, -12.596778 ], [ 32.1226891, -12.5968636 ], [ 32.1240169, -12.5974632 ], [ 32.1250448, -12.5984483 ], [ 32.1258158, -12.5983627 ], [ 32.1263726, -12.5981914 ], [ 32.127743099999989, -12.5975917 ], [ 32.1282999, -12.5974204 ], [ 32.1291994, -12.5974204 ], [ 32.1300131, -12.5978059 ], [ 32.1304843, -12.5984483 ], [ 32.1309982, -12.5978487 ], [ 32.131298, -12.5972063 ], [ 32.1315978, -12.5969065 ], [ 32.1325829, -12.5971206 ], [ 32.1330112, -12.5980629 ], [ 32.1334396, -12.5992193 ], [ 32.1332254, -12.6000331 ], [ 32.1334776, -12.6007175 ], [ 32.1335252, -12.6008468 ], [ 32.134039199999989, -12.6013608 ], [ 32.134039199999989, -12.6018748 ], [ 32.1336109, -12.6025601 ], [ 32.1339107, -12.6031597 ], [ 32.1344675, -12.6034595 ], [ 32.1351528, -12.6031597 ], [ 32.1358809, -12.6024744 ], [ 32.1369088, -12.6019176 ], [ 32.1379367, -12.6013608 ], [ 32.1387077, -12.6011895 ], [ 32.1395215, -12.6011467 ], [ 32.1399926, -12.600804 ], [ 32.140635, -12.6001616 ], [ 32.1412775, -12.5996048 ], [ 32.1420913, -12.5991336 ], [ 32.142905, -12.5985768 ], [ 32.1438901, -12.59802 ], [ 32.1444041, -12.5967351 ], [ 32.1450466, -12.596264 ], [ 32.1457318, -12.5961355 ], [ 32.1462886, -12.5953646 ], [ 32.1466313, -12.5948934 ], [ 32.1468026, -12.5943366 ], [ 32.1485158, -12.59348 ], [ 32.1489869, -12.5931802 ], [ 32.1495009, -12.5927947 ], [ 32.150486, -12.5927091 ], [ 32.1514283, -12.5925378 ], [ 32.1528845, -12.5925378 ], [ 32.1538268, -12.5926234 ], [ 32.155283, -12.5931374 ], [ 32.1557541, -12.5935657 ], [ 32.157189, -12.5943366 ], [ 32.1587737, -12.5943795 ], [ 32.1597588, -12.5936942 ], [ 32.1609152, -12.5931374 ], [ 32.1626284, -12.5925806 ], [ 32.1633565, -12.5923236 ], [ 32.1641703, -12.592238 ], [ 32.1649412, -12.5926234 ], [ 32.1657122, -12.5931374 ], [ 32.1664831, -12.5933515 ], [ 32.1674682, -12.5934372 ], [ 32.168282, -12.5933515 ], [ 32.1688816, -12.5936085 ], [ 32.1697382, -12.5938655 ], [ 32.171066, -12.5939083 ], [ 32.1715371, -12.5938227 ], [ 32.1723509, -12.593737 ], [ 32.1732931, -12.5936942 ], [ 32.1741498, -12.59348 ], [ 32.1763769, -12.5937798 ], [ 32.177876, -12.5948506 ], [ 32.1788611, -12.5954502 ], [ 32.1799318, -12.596521 ], [ 32.180403, -12.5973348 ], [ 32.1813024, -12.5989195 ], [ 32.1816879, -12.5991336 ], [ 32.1828015, -12.5999474 ], [ 32.1833583, -12.6006327 ], [ 32.184172, -12.6006327 ], [ 32.1847288, -12.6012323 ], [ 32.186442, -12.6023031 ], [ 32.1877698, -12.6027314 ], [ 32.1897828, -12.6016606 ], [ 32.1932521, -12.5999474 ], [ 32.1942372, -12.5996048 ], [ 32.1955649, -12.5994763 ], [ 32.1964643, -12.5993478 ], [ 32.1973638, -12.5995619 ], [ 32.1983917, -12.60029 ], [ 32.1996338, -12.6008897 ], [ 32.2007045, -12.6011895 ], [ 32.2015183, -12.6013608 ], [ 32.2027604, -12.6013608 ], [ 32.204131, -12.6013608 ], [ 32.2049019, -12.601318 ], [ 32.2055872, -12.6012751 ], [ 32.2064438, -12.6019604 ], [ 32.2072576, -12.6024744 ], [ 32.2073004, -12.6028599 ], [ 32.2074717, -12.6036308 ], [ 32.2081998, -12.6041876 ], [ 32.2088851, -12.6038878 ], [ 32.210427, -12.6033738 ], [ 32.2120974, -12.6032025 ], [ 32.2123972, -12.6029884 ], [ 32.2128683, -12.6026885 ], [ 32.2130825, -12.6020889 ], [ 32.2136393, -12.6016178 ], [ 32.2145387, -12.6013608 ], [ 32.2151812, -12.601061 ], [ 32.2166802, -12.601061 ], [ 32.217301299999988, -12.6008468 ], [ 32.2179866, -12.6006755 ], [ 32.2185862, -12.6004185 ], [ 32.219143, -12.6005899 ], [ 32.2197426, -12.6012323 ], [ 32.2203422, -12.6017463 ], [ 32.2210703, -12.6017034 ], [ 32.2217985, -12.6008897 ], [ 32.2231262, -12.6002044 ], [ 32.2228692, -12.5994763 ], [ 32.2228264, -12.5986197 ], [ 32.2229977, -12.5977202 ], [ 32.2235973, -12.5976346 ], [ 32.224197, -12.5976346 ], [ 32.2248822, -12.5981057 ], [ 32.2251392, -12.598791 ], [ 32.2253534, -12.5995619 ], [ 32.2259102, -12.5998617 ], [ 32.2265098, -12.5998189 ], [ 32.2271094, -12.6000759 ], [ 32.2275377, -12.6005899 ], [ 32.227709, -12.601575 ], [ 32.2280517, -12.6023031 ], [ 32.228737, -12.6023887 ], [ 32.2304502, -12.6023887 ], [ 32.2319492, -12.6017891 ], [ 32.234476199999989, -12.600804 ], [ 32.2356755, -12.6002044 ], [ 32.2362323, -12.5992621 ], [ 32.2370032, -12.5988766 ], [ 32.237859799999988, -12.5984483 ], [ 32.2388021, -12.5976346 ], [ 32.2396159, -12.5969921 ], [ 32.2402155, -12.5963925 ], [ 32.2406438, -12.5955359 ], [ 32.2415004, -12.5952789 ], [ 32.2421857, -12.5948078 ], [ 32.2428281, -12.5945936 ], [ 32.2434706, -12.5948934 ], [ 32.2447983, -12.594508 ], [ 32.2457834, -12.5933944 ], [ 32.2462546, -12.5923664 ], [ 32.24664, -12.5911244 ], [ 32.2473681, -12.5906746 ], [ 32.2476251, -12.5899894 ], [ 32.2481819, -12.5895611 ], [ 32.2492527, -12.5892184 ], [ 32.2496382, -12.5890471 ], [ 32.2496382, -12.5886616 ], [ 32.2489957, -12.5884475 ], [ 32.2483104, -12.5883618 ], [ 32.2477964, -12.5883618 ], [ 32.2471968, -12.5881477 ], [ 32.247411, -12.5877194 ], [ 32.2480106, -12.5871197 ], [ 32.2489957, -12.5866486 ], [ 32.2495525, -12.5857063 ], [ 32.2504948, -12.585278 ], [ 32.2507089, -12.5846356 ], [ 32.2510087, -12.5840788 ], [ 32.2515227, -12.5841216 ], [ 32.2522936, -12.5842929 ], [ 32.2528504, -12.5842501 ], [ 32.2530217, -12.583779 ], [ 32.2527648, -12.5833078 ], [ 32.252208, -12.583008 ], [ 32.2521651, -12.5825369 ], [ 32.2525934, -12.5823227 ], [ 32.2540925, -12.5819801 ], [ 32.2553774, -12.5818944 ], [ 32.2562768, -12.5811235 ], [ 32.2568336, -12.5806524 ], [ 32.2574333, -12.5800527 ], [ 32.2579901, -12.5795816 ], [ 32.2584184, -12.5794531 ], [ 32.2593178, -12.5796673 ], [ 32.2600887, -12.5794103 ], [ 32.2602172, -12.5788535 ], [ 32.2602172, -12.5783823 ], [ 32.2607312, -12.5780397 ], [ 32.2611595, -12.578468 ], [ 32.2619733, -12.579239 ], [ 32.2629155, -12.5797529 ], [ 32.2641148, -12.5798386 ], [ 32.2653997, -12.5803097 ], [ 32.2661278, -12.5803525 ], [ 32.2668559, -12.5805667 ], [ 32.2672414, -12.5799671 ], [ 32.2673699, -12.5791961 ], [ 32.2679267, -12.578468 ], [ 32.2684835, -12.5785108 ], [ 32.2692116, -12.578982 ], [ 32.2693829, -12.5797101 ], [ 32.2697684, -12.5801384 ], [ 32.2704965, -12.5797101 ], [ 32.2710105, -12.5787678 ], [ 32.2713531, -12.5781254 ], [ 32.2722954, -12.5778684 ], [ 32.2727665, -12.5777399 ], [ 32.2733661, -12.5779112 ], [ 32.273537499999989, -12.5783395 ], [ 32.2735803, -12.5793246 ], [ 32.2740086, -12.5796244 ], [ 32.2746082, -12.5791533 ], [ 32.275165, -12.5786822 ], [ 32.2757646, -12.5783395 ], [ 32.2764927, -12.5782967 ], [ 32.2770924, -12.5788107 ], [ 32.277949, -12.5783395 ], [ 32.2785914, -12.5780397 ], [ 32.2793195, -12.5777827 ], [ 32.2799192, -12.5777827 ], [ 32.2805188, -12.5776114 ], [ 32.2810756, -12.5777827 ], [ 32.2812897, -12.5782539 ], [ 32.2812897, -12.5788107 ], [ 32.2815896, -12.5798814 ], [ 32.2822748, -12.5804382 ], [ 32.2830458, -12.5799671 ], [ 32.2830886, -12.5791533 ], [ 32.2833884, -12.578468 ], [ 32.2837311, -12.5782539 ], [ 32.2846305, -12.5781682 ], [ 32.2857441, -12.5780397 ], [ 32.2871575, -12.5774401 ], [ 32.2883996, -12.5766263 ], [ 32.2901556, -12.5752986 ], [ 32.2908837, -12.5749131 ], [ 32.292083, -12.5749131 ], [ 32.2930252, -12.5749131 ], [ 32.2937534, -12.5749131 ], [ 32.2945243, -12.5755984 ], [ 32.2949098, -12.5761123 ], [ 32.2955951, -12.5761123 ], [ 32.296366, -12.5758982 ], [ 32.2965802, -12.5755984 ], [ 32.2973725, -12.5756412 ], [ 32.2979293, -12.5763265 ], [ 32.2976723, -12.5767548 ], [ 32.2972012, -12.5770118 ], [ 32.2965159, -12.5772688 ], [ 32.2963874, -12.5777399 ], [ 32.2962589, -12.5784252 ], [ 32.2967729, -12.5791533 ], [ 32.2976295, -12.5794959 ], [ 32.2984433, -12.5794959 ], [ 32.2988716, -12.579239 ], [ 32.2993427, -12.5794959 ], [ 32.2994284, -12.5797957 ], [ 32.299514, -12.5803954 ], [ 32.2994712, -12.5807808 ], [ 32.2990001, -12.581509 ], [ 32.2985718, -12.5819373 ], [ 32.2985718, -12.5827082 ], [ 32.2992571, -12.583008 ], [ 32.3000708, -12.5827082 ], [ 32.3009703, -12.5827082 ], [ 32.3016127, -12.5829224 ], [ 32.3016127, -12.5838218 ], [ 32.3014842, -12.5843786 ], [ 32.3014414, -12.5848069 ], [ 32.3022552, -12.5851924 ], [ 32.3023408, -12.5847212 ], [ 32.3024265, -12.5836505 ], [ 32.3026406, -12.5830937 ], [ 32.3028976, -12.582751 ], [ 32.3032831, -12.5830937 ], [ 32.3036257, -12.5839931 ], [ 32.3041397, -12.583779 ], [ 32.3048678, -12.5836505 ], [ 32.3058957, -12.5835648 ], [ 32.3063669, -12.5834792 ], [ 32.3067952, -12.5836933 ], [ 32.3075233, -12.5842501 ], [ 32.3085084, -12.5845499 ], [ 32.3093222, -12.5845499 ], [ 32.3098361, -12.5844214 ], [ 32.3103073, -12.5841216 ], [ 32.3108641, -12.5842501 ], [ 32.3117207, -12.5848497 ], [ 32.3124916, -12.5848926 ], [ 32.3132197, -12.5846784 ], [ 32.313905, -12.5848069 ], [ 32.314162, -12.5856635 ], [ 32.3148473, -12.5861775 ], [ 32.3160465, -12.5864344 ], [ 32.3170745, -12.5864344 ], [ 32.3178882, -12.5862631 ], [ 32.3190875, -12.5866486 ], [ 32.3194301, -12.5870341 ], [ 32.3203296, -12.5867771 ], [ 32.320843499999988, -12.5866914 ], [ 32.3211005, -12.5868627 ], [ 32.3210577, -12.5872482 ], [ 32.3208007, -12.588062 ], [ 32.3208007, -12.5887473 ], [ 32.321229, -12.5890471 ], [ 32.3217858, -12.5888758 ], [ 32.3221713, -12.5883618 ], [ 32.3229422, -12.5884046 ], [ 32.3233277, -12.5887901 ], [ 32.3233277, -12.5895182 ], [ 32.3233277, -12.5898609 ], [ 32.3225996, -12.5902463 ], [ 32.3223426, -12.5906746 ], [ 32.3224282, -12.5912229 ], [ 32.3237988, -12.59118 ], [ 32.3246554, -12.5917797 ], [ 32.3258118, -12.592208 ], [ 32.3272252, -12.592465 ], [ 32.3286815, -12.5925934 ], [ 32.3292811, -12.5929361 ], [ 32.330737299999988, -12.5932359 ], [ 32.3322364, -12.5940497 ], [ 32.3336498, -12.5943067 ], [ 32.3347634, -12.5945636 ], [ 32.3359198, -12.5953346 ], [ 32.3366479, -12.596234 ], [ 32.3375045, -12.5969621 ], [ 32.338147, -12.5974333 ], [ 32.3389179, -12.5981614 ], [ 32.3392605, -12.5988467 ], [ 32.3390036, -12.6001744 ], [ 32.3386609, -12.6008169 ], [ 32.3386181, -12.6016735 ], [ 32.3394319, -12.6021874 ], [ 32.3405026, -12.6033438 ], [ 32.3412736, -12.6043289 ], [ 32.3412736, -12.6055325 ], [ 32.3412307, -12.6067746 ], [ 32.3417019, -12.6080595 ], [ 32.3423872, -12.6089161 ], [ 32.3430724, -12.6097727 ], [ 32.3433434, -12.6101114 ], [ 32.3457279, -12.6094343 ], [ 32.3539085, -12.6027528 ], [ 32.3585128, -12.5974033 ], [ 32.361982, -12.5941482 ], [ 32.3626673, -12.5937199 ], [ 32.3645518, -12.5915355 ], [ 32.3664792, -12.589394 ], [ 32.3672501, -12.5881091 ], [ 32.3691347, -12.5860961 ], [ 32.3726468, -12.5812991 ], [ 32.3738888, -12.5793632 ], [ 32.3755164, -12.5774358 ], [ 32.3767585, -12.5756369 ], [ 32.3757305, -12.5750373 ], [ 32.3748311, -12.5745233 ], [ 32.373974499999989, -12.5736239 ], [ 32.3734177, -12.5731099 ], [ 32.3725611, -12.5728958 ], [ 32.3719187, -12.572339 ], [ 32.371747299999988, -12.5716965 ], [ 32.371747299999988, -12.5710113 ], [ 32.3716188, -12.5701975 ], [ 32.3714047, -12.5697263 ], [ 32.3704196, -12.5695979 ], [ 32.3690062, -12.569812 ], [ 32.3675071, -12.5700262 ], [ 32.367036, -12.5699833 ], [ 32.367036, -12.569555 ], [ 32.3675071, -12.5689126 ], [ 32.3664364, -12.5676705 ], [ 32.3656654, -12.5666426 ], [ 32.363995, -12.565786 ], [ 32.3631813, -12.5657003 ], [ 32.3613824, -12.5654005 ], [ 32.359712, -12.5649722 ], [ 32.3582986, -12.563516 ], [ 32.3575277, -12.5626593 ], [ 32.3573135, -12.5617942 ], [ 32.3580416, -12.5614515 ], [ 32.3586413, -12.5605521 ], [ 32.3582986, -12.5594385 ], [ 32.357784699999989, -12.5589674 ], [ 32.356928, -12.5584962 ], [ 32.3560286, -12.5584534 ], [ 32.3552148, -12.5589674 ], [ 32.3548294, -12.5596527 ], [ 32.354658, -12.5600381 ], [ 32.3541012, -12.5600381 ], [ 32.3540156, -12.55931 ], [ 32.3538443, -12.5584534 ], [ 32.3532018, -12.5577253 ], [ 32.3529448, -12.5569115 ], [ 32.3534588, -12.5562691 ], [ 32.3539728, -12.5557123 ], [ 32.3540584, -12.55477 ], [ 32.3540584, -12.5536992 ], [ 32.3533303, -12.5533566 ], [ 32.3522595, -12.5533138 ], [ 32.3514458, -12.5533566 ], [ 32.3505892, -12.5529711 ], [ 32.3497754, -12.5520289 ], [ 32.3487903, -12.5512579 ], [ 32.3479337, -12.5505298 ], [ 32.3470342, -12.5504013 ], [ 32.3461348, -12.5486453 ], [ 32.3451069, -12.5486881 ], [ 32.344507299999989, -12.5491592 ], [ 32.3432224, -12.5492449 ], [ 32.3430082, -12.548474 ], [ 32.3441218, -12.5477458 ], [ 32.3450212, -12.5468036 ], [ 32.3449356, -12.54569 ], [ 32.3439505, -12.5450904 ], [ 32.3431795, -12.5442338 ], [ 32.3433508, -12.5432401 ], [ 32.3433508, -12.5423407 ], [ 32.3428369, -12.5424691 ], [ 32.3423229, -12.5424691 ], [ 32.3419374, -12.5424263 ], [ 32.3417233, -12.5419124 ], [ 32.3414663, -12.5412699 ], [ 32.3416376, -12.5407559 ], [ 32.3420659, -12.5408416 ], [ 32.3424514, -12.5414412 ], [ 32.3429225, -12.5414412 ], [ 32.3432224, -12.5410557 ], [ 32.3432652, -12.5403705 ], [ 32.3430082, -12.539728 ], [ 32.3420231, -12.5394282 ], [ 32.3417661, -12.5392997 ], [ 32.3550007, -12.4991334 ], [ 32.3582558, -12.4883573 ], [ 32.3576562, -12.4877577 ], [ 32.3570137, -12.4871153 ], [ 32.3562428, -12.486687 ], [ 32.3559001, -12.4860445 ], [ 32.3551292, -12.4857447 ], [ 32.3538443, -12.4854877 ], [ 32.3528592, -12.4847596 ], [ 32.3517456, -12.4842885 ], [ 32.3508033, -12.48416 ], [ 32.3493471, -12.4839887 ], [ 32.3486618, -12.483389 ], [ 32.3476767, -12.4830464 ], [ 32.3464346, -12.4824468 ], [ 32.346349, -12.4812903 ], [ 32.3471199, -12.4801768 ], [ 32.3469486, -12.4794058 ], [ 32.3454924, -12.4791488 ], [ 32.3448499, -12.4784207 ], [ 32.3440361, -12.4780352 ], [ 32.343308, -12.4779496 ], [ 32.3417661, -12.4777354 ], [ 32.3411665, -12.4771786 ], [ 32.340524, -12.4764077 ], [ 32.3397531, -12.4759794 ], [ 32.3391106, -12.4754654 ], [ 32.3382112, -12.4752084 ], [ 32.3375259, -12.4748658 ], [ 32.3366693, -12.4741377 ], [ 32.3368406, -12.4734952 ], [ 32.3370548, -12.4724673 ], [ 32.3360697, -12.4715679 ], [ 32.3351274, -12.4719533 ], [ 32.3347848, -12.4728528 ], [ 32.3342708, -12.4728956 ], [ 32.3335855, -12.4722532 ], [ 32.3331144, -12.4720818 ], [ 32.3320008, -12.4719533 ], [ 32.3312727, -12.4729384 ], [ 32.3299021, -12.4731526 ], [ 32.3287885, -12.4729384 ], [ 32.3282746, -12.4722103 ], [ 32.3278034, -12.4718249 ], [ 32.3273323, -12.4717392 ], [ 32.326647, -12.472039 ], [ 32.3255334, -12.472039 ], [ 32.3242485, -12.4718463 ], [ 32.3230921, -12.4716321 ], [ 32.3215074, -12.4712466 ], [ 32.3199227, -12.470647 ], [ 32.3182523, -12.47039 ], [ 32.3151685, -12.4698761 ], [ 32.3139693, -12.4692336 ], [ 32.3125559, -12.4689766 ], [ 32.3112281, -12.468891 ], [ 32.3104572, -12.4687625 ], [ 32.3088296, -12.468634 ], [ 32.3073306, -12.4684627 ], [ 32.3058315, -12.4684198 ], [ 32.303947, -12.4685055 ], [ 32.3018911, -12.4685055 ], [ 32.3003492, -12.4682914 ], [ 32.2990215, -12.4682914 ], [ 32.2976081, -12.4681629 ], [ 32.296109, -12.4676061 ], [ 32.2947385, -12.4675632 ], [ 32.2929396, -12.4670921 ], [ 32.2916975, -12.4670064 ], [ 32.2913977, -12.4667923 ], [ 32.287971299999988, -12.4664068 ], [ 32.2858726, -12.4657215 ], [ 32.2842879, -12.4652076 ], [ 32.2835169, -12.4650791 ], [ 32.2827888, -12.4646508 ], [ 32.281975, -12.4642653 ], [ 32.2809043, -12.4639227 ], [ 32.2791268, -12.4632417 ], [ 32.2776278, -12.4629847 ], [ 32.2748438, -12.4624707 ], [ 32.2718457, -12.4626849 ], [ 32.268976, -12.4629418 ], [ 32.2661064, -12.4634986 ], [ 32.2639221, -12.4637128 ], [ 32.2600673, -12.4634558 ], [ 32.2571549, -12.4638413 ], [ 32.2532787, -12.4644837 ], [ 32.2493812, -12.4654688 ], [ 32.24664, -12.4662826 ], [ 32.242871, -12.46821 ], [ 32.2400442, -12.4691522 ], [ 32.237817, -12.47048 ], [ 32.2360609, -12.4720219 ], [ 32.2334911, -12.4732639 ], [ 32.231949199999988, -12.4747202 ], [ 32.230236, -12.477941 ], [ 32.2290368, -12.4815388 ], [ 32.2268953, -12.4841942 ], [ 32.2259958, -12.4859075 ], [ 32.2242398, -12.4873637 ], [ 32.223683, -12.4881775 ], [ 32.2206849, -12.4889912 ], [ 32.2178581, -12.4889912 ], [ 32.2144745, -12.4884773 ], [ 32.2046663, -12.4831235 ], [ 32.199955, -12.4808106 ], [ 32.1988332, -12.4800239 ], [ 32.193359099999988, -12.476185 ], [ 32.1909606, -12.4744718 ], [ 32.1879197, -12.4733153 ], [ 32.1737429, -12.4689038 ], [ 32.1734002, -12.4682614 ], [ 32.1733597, -12.4674104 ], [ 32.175679, -12.4667017 ], [ 32.1800778, -12.4648306 ], [ 32.1834168, -12.4641573 ], [ 32.1871657, -12.4634283 ], [ 32.1893932, -12.4626931 ], [ 32.192322, -12.4621325 ], [ 32.1962494, -12.4608317 ], [ 32.1988356, -12.4586669 ], [ 32.2008985, -12.4558703 ], [ 32.2034885, -12.4529614 ], [ 32.2064283, -12.4502827 ], [ 32.2080699, -12.4496595 ], [ 32.2092909, -12.448861 ], [ 32.2092908, -12.4488609 ], [ 32.2059941, -12.4441051 ], [ 32.2051803, -12.4414068 ], [ 32.2041524, -12.4388798 ], [ 32.2035099, -12.4364813 ], [ 32.2026533, -12.4347252 ], [ 32.2015397, -12.4328835 ], [ 32.2011114, -12.4313417 ], [ 32.200212, -12.4285149 ], [ 32.2000835, -12.4262448 ], [ 32.1997837, -12.4247886 ], [ 32.1986273, -12.4231611 ], [ 32.197685, -12.4197218 ], [ 32.1964858, -12.4174518 ], [ 32.1943442, -12.4151818 ], [ 32.1923312, -12.412612 ], [ 32.1889476, -12.4089286 ], [ 32.1854784, -12.4065301 ], [ 32.1840484, -12.4058151 ], [ 32.1816236, -12.4046027 ], [ 32.1791395, -12.4046027 ], [ 32.1751991, -12.4012191 ], [ 32.1711233, -12.4010769 ] ] ] } }
]
}
